coordenador_projeto_pesquisa,unidade_coordenador_projeto,status_projeto_pesquisa,codigo_projeto_pesquisa,data_inicio_projeto,data_fim_projeto,grande_area,area,subarea,titulo_projeto_pesquisa
ANA PAULA DE OLIVEIRA,INSTITUTO DE ESTUDOS SÓCIO-AMBIENTAIS,FINALIZADO E AGUARDANDO PUBLICAÇÃO,PI01024-2017,17/04/2017,31/03/2023,Outras,Ciências Ambientais,,ESTRATÉGIAS ADAPTATIVAS DE PLANTAS EM DIFERENTES FITOFISIONOMIAS DO CERRADO NO ESTADO DE GOIÁS
ANTONIO FERNANDES JUNIOR,UNID. ACAD. ESP/LETRAS E LINGUISTICA - CATALAO,FINALIZADO E AGUARDANDO PUBLICAÇÃO,PI01091-2015,17/03/2021,01/09/2023,"Lingüística, Letras e Artes",Lingüística,Teoria e Análise Lingüística,DISPOSITIVOS DE PODER E PRÁTICAS DE SUBJETIVAÇÃO NA ATUALIDADE
HELIO GALDINO JUNIOR,FACULDADE DE ENFERMAGEM,FINALIZADO E AGUARDANDO PUBLICAÇÃO,PI01128-2016,15/08/2016,31/12/2023,Ciências da Saúde,Enfermagem,Enfermagem de Doenças Contagiosas,"Epidemiologia das infecções sexualmente transmissíveis em população empobrecida em Aparecida de Goiânia: cenário, diagnóstico e contribuições as políticas de saúde para enfrentamento das iniquidades em saúde "
HELIO YOCHIHIRO FUCHIGAMI,FACULDADE DE CIÊNCIAS E TECNOLOGIA,FINALIZADO E AGUARDANDO PUBLICAÇÃO,PI01143-2015,01/12/2015,31/12/2023,Engenharias,Engenharia de Produção,Pesquisa Operacional,Desenvolvimento de técnicas de sequenciamento para otimização da produção
ANTONIO NILSON ZAMUNER FILHO,UAE - DE ENGENHARIA - CATALÃO,FINALIZADO E AGUARDANDO PUBLICAÇÃO,PI01146-2017,03/07/2017,01/12/2023,Engenharias,Engenharia de Minas,,ELEMENTOS TERRAS RARAS: APLICAÇÃO EM NUTRIÇÃO DE PLANTAS
JOANA PAULA SANCHEZ,FACULDADE DE CIÊNCIAS E TECNOLOGIA,PRORROGAÇÃO PENDENTE COORD. PESQUISA,PI01159-2017,19/04/2017,14/04/2023,Ciências Exatas e da Terra,Geociências,Geologia,Inventário do Patrimônio Geológico da Microrregião do Parque Nacional da Chapada dos Veadeiros-GO
MARLIPE GARCIA FAGUNDES NETO,"ESCOLA DE ENGENHARIA ELÉTRICA, MECÂNICA E DE COMPUTAÇÃO",FINALIZADO E AGUARDANDO PUBLICAÇÃO,PI01243-2017,07/04/2017,31/12/2023,Engenharias,Engenharia Mecânica,Mecânica dos Sólidos,Acústica de Salas: Influência e modelagem da posição de materiais de absorção sonora na característica acústica de salas de aula
CLAUDIA VALERIA DE LIMA,INSTITUTO DE ESTUDOS SÓCIO-AMBIENTAIS,FINALIZADO,PI01257-2015,01/04/2015,31/12/2023,Ciências Exatas e da Terra,Geociências,Geografia Física,"Geodiversidade, Geoconservação e Patrimônio Geológico no Estado de Goiás"
ANDRE CARLOS SILVA,UAE - DE ENGENHARIA - CATALÃO,FINALIZADO E AGUARDANDO PUBLICAÇÃO,PI01329-2013,01/03/2013,31/07/2023,Engenharias,Engenharia de Minas,Tratamento de Minérios,DESENVOLVIMENTO DE NOVOS REAGENTES PARA FLOTAÇÃO
MARIA CLORINDA SOARES FIORAVANTI,ESCOLA DE VETERINÁRIA E ZOOTECNIA,FINALIZADO E AGUARDANDO PUBLICAÇÃO,PI01375-2016,01/01/2016,31/12/2023,Ciências Agrárias,Medicina Veterinária,Medicina Veterinária Preventiva,APLICAÇÃO DE SNP MULTIPLEX PARA CARACTERIZAÇÃO DE MARCADORES MOLECULARES DE RESISTÊNCIA A DOENÇAS EM RAÇAS BOVINAS BRASILEIRAS LOCALMENTE ADAPTADAS: CURRALEIRO PÉ-DURO E PANTANEIRO
GISELE AUGUSTO RODRIGUES DE OLIVEIRA,FACULDADE DE FARMÁCIA,FINALIZADO E AGUARDANDO PUBLICAÇÃO,PI01504-2014,17/03/2014,01/08/2023,Ciências da Saúde,Farmácia,Análise Toxicológica,AVALIAÇÃO ECOTOXICOLÓGICA E TOXICOGENÉTICA DE CONTAMINANTES EMERGENTES PRESENTES EM SISTEMAS HÍDRICOS
CARLA SILVA SIQUEIRA,UNID. ACAD. ESP/CIENCIAS DA SAUDE-JATAI,FINALIZADO E AGUARDANDO PUBLICAÇÃO,PI01527-2017,01/08/2017,31/12/2023,Ciências da Saúde,Odontologia,,"Análise morfológica e patologia molecular na prevenção, diagnóstico, terapêutica e prognóstico de lesões bucais "
KAMILA DA SILVA ANDRADE,INSTITUTO DE MATEMÁTICA E ESTATÍSTICA,FINALIZADO,PI01576-2016,01/07/2016,30/09/2023,Ciências Exatas e da Terra,Matemática,Geometria e Topologia,Bifurcações de Ciclos Típicos em Sistemas Não-Suaves Definidos em Duas Zonas
THIAGO ALVES DE QUEIROZ,UNID. ACAD. ESP/MATEMATICA E TECNOLOGIA - CATALAO,FINALIZADO E AGUARDANDO PUBLICAÇÃO,PI01676-2017,01/03/2017,31/12/2023,Engenharias,Engenharia de Produção,Pesquisa Operacional,Problemas com decisões Integradas de Localização e Roteamento: Abordagens Exatas e Heurísticas
LILIAN CARLA CARNEIRO,INSTITUTO DE PATOLOGIA TROPICAL E SAÚDE PÚBLICA,FINALIZADO,PI0169-2017,01/03/2017,31/12/2023,Ciências Biológicas,Microbiologia,Biologia e Fisiologia dos Microorganismos,"Comunidade bacteriana, perfil molecular de resistência aos antimicrobianos e avaliação ecotoxicologica em dois sistemas de abastecimento de água da região metropolitana de Goiânia"
JANAINA VALADARES GUIMARAES,FACULDADE DE ENFERMAGEM,FINALIZADO E AGUARDANDO PUBLICAÇÃO,PI01692-2017,28/08/2017,30/12/2023,Ciências da Saúde,Enfermagem,Enfermagem Obstétrica,EFICÁCIA DE UMA INTERVENÇÃO EDUCATIVA NO TRATAMENTO DE PUÉRPERAS: ENSAIO CLÍNICO RANDOMIZADO
MARCIO CALIARI,ESCOLA DE AGRONOMIA,FINALIZADO E AGUARDANDO PUBLICAÇÃO,PI0171-2017,01/01/2017,31/12/2023,Ciências Agrárias,Ciência e Tecnologia de Alimentos,Ciência de Alimentos,Extração e modificação física do amido de diferentes variedades de batata doce
EVERTON KORT KAMP FERNANDES,INSTITUTO DE PATOLOGIA TROPICAL E SAÚDE PÚBLICA,FINALIZADO E AGUARDANDO PUBLICAÇÃO,PI01776-2017,01/07/2017,31/12/2023,Ciências Agrárias,Medicina Veterinária,Medicina Veterinária Preventiva,"Fungos entomopatogênicos versus carrapatos: Uma investigação da relação patógeno-hospedeiro considerando a expressão de fatores de transcrição, a resposta do carrapato e a interferência de fatores abióticos estressantes na infecção."
ELAINE ROSECHRER CARBONERO,UNID. ACAD. ESP/QUIMICA - CATALAO,FINALIZADO E AGUARDANDO PUBLICAÇÃO,PI01813-2017,11/10/2017,30/10/2023,Ciências Exatas e da Terra,Química,Química Orgânica,Perfil químico de carboidratos de macromicetos pela técnica de RMN
ELAINE ROSECHRER CARBONERO,UNID. ACAD. ESP/QUIMICA - CATALAO,FINALIZADO E AGUARDANDO PUBLICAÇÃO,PI01847-2017,30/10/2017,30/10/2023,Ciências Biológicas,Bioquímica,Química de Macromoléculas,INFLUÊNCIA DAS LINHAGENS E SUBSTRATOS NA COMPOSIÇÃO QUÍMICA DE COGUMELOS COMESTÍVEIS E/OU MEDICINAIS
NUBIA NATALIA DE BRITO,INSTITUTO DE QUÍMICA,FINALIZADO,PI01918-2017,01/08/2017,31/08/2023,Ciências Exatas e da Terra,Química,Química Analítica,TRATAMENTO QUÍMICO DE POLUENTES EMERGENTES DA INDÚSTRIA COSMÉTICA UTILIZANDO MATERIAIS DE BAIXO CUSTO
INA DE SOUZA NOGUEIRA,INSTITUTO DE CIENCIAS BIOLOGICAS,FINALIZADO E AGUARDANDO PUBLICAÇÃO,PI01920-2017,01/11/2017,31/08/2023,Ciências Biológicas,Botânica,Taxonomia Vegetal,"DIVERSIDADE TAXONÔMICA DE ALGAS DO ESTADO DE GOIÁS: COM ÊNFASE EM CYANOBACTERIAS, CHLOROPHYTA  E OCHROPHYTA"
REGINA MARIA BRINGEL MARTINS,INSTITUTO DE PATOLOGIA TROPICAL E SAÚDE PÚBLICA,AGUARDANDO CEP/CEUA/CBIO,PI02050-2015,27/02/2015,31/12/2023,Ciências Biológicas,Microbiologia,Microbiologia Aplicada,EPIDEMIOLOGIA DAS INFECÇÕES POR HIV E HTLV EM HOMENS QUE FAZEM SEXO COM HOMENS EM GOIÂNIA-GOIÁS
SHEILA ARAUJO TELES,FACULDADE DE ENFERMAGEM,FINALIZADO E AGUARDANDO PUBLICAÇÃO,PI02127-2017,26/10/2017,26/12/2023,Ciências da Saúde,Saúde Coletiva,Epidemiologia,"EPIDEMIOLOGIA DE INFECÇÕES SEXUALMENTE TRANSMISSÍVEIS, COMPORTAMENTOS DE RISCO E VULNERABILIDADES EM MULHERES TRANGÊNERO EM GOIÁS"
FERNANDA BUSANELLO FERREIRA,FACULDADE DE DIREITO,FINALIZADO E AGUARDANDO PUBLICAÇÃO,PI02143-2018,03/01/2018,31/12/2023,Ciências Sociais Aplicadas,Direito,Direitos Especiais,CARTOGRAFIA DA ATUAÇÃO DA COMISSÃO INTERAMERICANA DE DIREITOS HUMANOS EM CASOS CONTRA A REPÚBLICA FEDERATIVA DO BRASIL: inventário e o papel dos movimentos sociais 
PRISCILLA DE ANDRADE SILVA XIMENES,UNID. ACAD. ESP./EDUCAÇÃO - CATALÃO,FINALIZADO E AGUARDANDO PUBLICAÇÃO,PI02189-2018,01/03/2018,31/12/2023,Ciências Humanas,Educação,Ensino-Aprendizagem,O ESTÁGIO NA FORMAÇÃO DE PROFESSORES/ASPARA A EDUCAÇÃO INFANTIL: AS SIGNIFICAÇÕES DOS/ASEGRESSOS/ASDO CURSO DE PEDAGOGIA 
LIZETE MALAGONI DE ALMEIDA CAVALCANTE OLIVEIRA,FACULDADE DE ENFERMAGEM,FINALIZADO E AGUARDANDO PUBLICAÇÃO,PI02191-2018,05/02/2018,31/03/2023,Ciências da Saúde,Enfermagem,Enfermagem Médico-Cirúrgica,Melhores práticas para controle da incontinência urinária em homens submetidos a prostactectomia radical
IGO GOMES GUIMARAES,UNID. ACAD. ESP/CIENCIAS AGRARIAS-JATAI,FINALIZADO E AGUARDANDO PUBLICAÇÃO,PI02200-2017,02/07/2017,02/07/2023,Ciências Agrárias,Recursos Pesqueiros e Engenharia de Pesca,Aqüicultura,DESENVOLVIMENTO DE UMA DIETA ESPECÍFICA PARA ALEVINOS DE PIRAPITINGA (Piaractus brachypomus)
ANTONIO NILSON ZAMUNER FILHO,UAE - DE ENGENHARIA - CATALÃO,FINALIZADO E AGUARDANDO PUBLICAÇÃO,PI02220-2018,01/02/2018,01/12/2023,Ciências Agrárias,Agronomia,Ciência do Solo,REMINERALIZADORES: APLICAÇÃO EM NUTRIÇÃO DE PLANTAS 
CLAUDIO HIDEO MARTINS DA COSTA,UNID. ACAD. ESP/CIENCIAS AGRARIAS-JATAI,FINALIZADO E AGUARDANDO PUBLICAÇÃO,PI02247-2018,01/03/2018,15/12/2023,Ciências Agrárias,Agronomia,Fitotecnia,SISTEMAS DE PRODUÇÃO AGRÍCOLA PARA PRODUÇÃO DE GRÃOS NO SUDOESTE GOIANO
RAFAEL BATTISTI,ESCOLA DE AGRONOMIA,FINALIZADO,PI02290-2018,01/03/2018,31/12/2023,Ciências Agrárias,Agronomia,Agrometeorologia,Balanço hídrico aplicado ao planejamento e tomada de decisão em cultivos agrícolas e florestais
TIAGO CAMARINHA LOPES,"FACULDADE DE ADMINISTRAÇÃO, CIÊNCIAS CONTÁBEIS E CIÊNCIAS ECONÔMICAS",FINALIZADO E AGUARDANDO PUBLICAÇÃO,PI02316-2018,30/07/2018,31/08/2023,Ciências Sociais Aplicadas,Economia,Economia Regional e Urbana,A Economia Política dos Resíduos Sólidos: meio ambiente versus inclusão social?
WANDERLEI MALAQUIAS PEREIRA JUNIOR,UAE - DE ENGENHARIA - CATALÃO,FINALIZADO E AGUARDANDO PUBLICAÇÃO,PI02353-2018,26/03/2016,31/01/2023,Engenharias,Engenharia Civil,Estruturas,ESTUDO DE ESTRUTURAS DE CONCRETO ARMADO PARA EDIFÍCIOS DE MÚLTIPLOS PAVIMENTOS 
ANDREA RODRIGUES CHAVES,INSTITUTO DE QUÍMICA,PRORROGAÇÃO PENDENTE PRPI,PI02374-2017,01/10/2017,31/10/2023,Ciências Exatas e da Terra,Química,Química Analítica,Estratégias para determinação de biomarcadores de interesse oncológico em fluidos biológicos de pacientes
FABIO MOREIRA COSTA,INSTITUTO DE INFORMÁTICA,FINALIZADO E AGUARDANDO PUBLICAÇÃO,PI02375-2018,16/03/2018,31/08/2023,Ciências Exatas e da Terra,Ciência da Computação,Sistemas de Computação,Emergent Systems for Smart Cities: An Approach based on Domain-Specific Middleware and Microservices
JORGE LUIZ VIEIRA DOS ANJOS,UNID. ACAD. ESP/FISICA - CATALAO,FINALIZADO E AGUARDANDO PUBLICAÇÃO,PI02384-2014,01/12/2014,01/12/2023,Ciências Exatas e da Terra,Física,Física da Matéria Condensada,CARACTERIZAÇÃO POR ESPECTROSCOPIA DE RESSONÂNCIA PARAMAGNÉTICA ELETRÔNICA DE NANOPARTÍCULAS LIPÍDICAS CONTENDO FÁRMACOS PARA ADMINISTRAÇÃO ATRAVÉS DA PELE
ANDRIELLI MORAIS DE OLIVEIRA,ESCOLA DE ENGENHARIA CIVIL E AMBIENTAL,FINALIZADO E AGUARDANDO PUBLICAÇÃO,PI02418-2018,01/05/2018,06/12/2023,Engenharias,Engenharia Civil,Construção Civil,Estudo da Durabilidade e do Comportamento  Mecânico de Materiais Cimentícios produzidos com Resíduos de Silício Metálico 
ANA CRISTINA SILVA REBELO,INSTITUTO DE CIENCIAS BIOLOGICAS,FINALIZADO E AGUARDANDO PUBLICAÇÃO,PI02433-2018,17/04/2018,31/12/2023,Ciências Biológicas,Fisiologia,Fisiologia Geral,DA INFÂNCIA A MATURIDADE: INVESTIGANDO O DESENVOLVIMENTO HUMANO SOB UMA PERSPECTIVA PSICOBIOLÓGICA E EVOLUTIVA
RAFAEL PAVAO DAS CHAGAS,INSTITUTO DE QUÍMICA,FINALIZADO E AGUARDANDO PUBLICAÇÃO,PI02447-2013,01/03/2013,01/03/2023,Ciências Exatas e da Terra,Química,Química Inorgânica,"COMPLEXOS DE METAIS DE TRANSIÇÃO COM LIGANTES POLIDENTADOS DERIVADOS DO PIRROL E CALCOGENOFENOS: SÍNTESE, CARACTERIZAÇÃO E APLICAÇÕES"
ANAIR VALENIA MARTINS DIAS,UNID. ACAD. ESP/LETRAS E LINGUISTICA - CATALAO,FINALIZADO E AGUARDANDO PUBLICAÇÃO,PI02453-2018,20/04/2018,20/04/2023,"Lingüística, Letras e Artes",Lingüística,Lingüística Aplicada,"MULTISSEMIOSES, MULTILETRAMENTOS E MULTICULTURALISMOS NA CONSTITUIÇÃO DOS GÊNEROS DISCURSIVOS: INTERFACES TEÓRICO-PRÁTICAS "
JOYCELAINE APARECIDA DE OLIVEIRA,CENTRO DE ENSINO E PESQUISA APLICADA A EDUCACAO,FINALIZADO E AGUARDANDO PUBLICAÇÃO,PI02454-2018,23/03/2018,31/12/2023,Ciências Humanas,Educação,Ensino-Aprendizagem,LETRAMENTO E INFÂNCIA: ESTUDOS INTERDISCIPLINARES 
JULIANA GUIMARAES FARIA,FACULDADE DE LETRAS,FINALIZADO E AGUARDANDO PUBLICAÇÃO,PI02473-2018,22/04/2018,31/07/2023,"Lingüística, Letras e Artes",Lingüística,Lingüística Aplicada,"Formação de tradutores e intérpretes de língua brasileira de sinais - língua portuguesa: um estudo sobre política, perfil docente, materiais didáticos e estado do conhecimento"
MARCO ANTONIO CACADOR MARTINS FERREIRA,FACULDADE DE CIÊNCIAS E TECNOLOGIA,FINALIZADO E AGUARDANDO PUBLICAÇÃO,PI02478-2018,01/08/2018,01/08/2023,Ciências Exatas e da Terra,Geociências,Geologia,DETALHAMENTO E SUB-COMPARTIMENTACAO DA ESTRUTURACAO TECTONICA DA FAIXA BRASILIA
JOSE DANIEL GONCALVES VIEIRA,INSTITUTO DE PATOLOGIA TROPICAL E SAÚDE PÚBLICA,FINALIZADO E AGUARDANDO PUBLICAÇÃO,PI02499-2018,02/05/2018,31/12/2023,Ciências Agrárias,Agronomia,Ciência do Solo,ESTUDO E APLICAÇÃO DE BACTÉRIAS PROMOTORAS DO CRESCIMENTO VEGETAL
PRISCILA RENATA GIMENEZ,FACULDADE DE LETRAS,FINALIZADO E AGUARDANDO PUBLICAÇÃO,PI02520-2018,01/05/2018,31/08/2023,"Lingüística, Letras e Artes",Letras,Literatura Comparada,"Literatura, Imprensa e Tradução "
APARECIDO RIBEIRO DE SOUZA,INSTITUTO DE QUÍMICA,FINALIZADO E AGUARDANDO PUBLICAÇÃO,PI02530-2018,01/04/2018,01/04/2023,Ciências Exatas e da Terra,Química,Química Inorgânica,Desenvolvimento de catalisadores e fotocatalisadores para oxidação da água a base de compostos nanoestruturados
MARIZE CAMPOS VALADARES,FACULDADE DE FARMÁCIA,FINALIZADO E AGUARDANDO PUBLICAÇÃO,PI0253-2017,09/03/2017,31/12/2023,Ciências da Saúde,Farmácia,Análise Toxicológica,Modelos in vitro 3D pulmonares para a investigação de toxicidade pulmonar de diferentes toxicantes em aerosois/particulas 
FABIANE FERREIRA DA SILVA MORAES,FACULDADE DE LETRAS,FINALIZADO E AGUARDANDO PUBLICAÇÃO,PI02539-2018,26/04/2018,26/04/2023,"Lingüística, Letras e Artes",Letras,,Construções discursivas sobre a surdez: análise do discurso oficial
VIVIANE GIANLUPPI FERRO,INSTITUTO DE CIENCIAS BIOLOGICAS,FINALIZADO E AGUARDANDO PUBLICAÇÃO,PI02557-2018,23/04/2018,23/04/2023,Ciências Biológicas,Zoologia,Comportamento Animal,Interações entre insetos e plantas
ELISA SOARES ROCHA BARBOSA,FACULDADE DE CIÊNCIAS E TECNOLOGIA,FINALIZADO E AGUARDANDO PUBLICAÇÃO,PI02586-2018,26/04/2018,25/04/2023,Ciências Exatas e da Terra,Geociências,Geofísica,GEOFÍSICA APLICADA AO PATRIMÔNIO GEOLÓGICO
LEVI CARINA TERRIBILE,UNID. ACAD. ESP/CIENCIAS BIOLOGICAS-JATAI,FINALIZADO E AGUARDANDO PUBLICAÇÃO,PI02587-2018,12/03/2018,31/12/2023,Ciências Biológicas,Ecologia,Ecologia Teórica,Impacto da mudança climática e conservação de espécies da fauna e da flora ameaçadas e deficientes em dados no Cerrado
JOSE DOS REIS VIEIRA DE MOURA JUNIOR,UNID. ACAD. ESP/MATEMATICA E TECNOLOGIA - CATALAO,FINALIZADO E AGUARDANDO PUBLICAÇÃO,PI02593-2018,01/02/2018,31/01/2023,Engenharias,Engenharia de Produção,Pesquisa Operacional,MODELOS E SOLUÇÃO DE PROBLEMAS DE PROGRAMAÇÃO DA PRODUÇÃO EM AMBIENTES INDUSTRIAIS FLOW SHOP E SUAS VARIANTES
FILIPE LAZZERI VIEIRA,FACULDADE DE FILOSOFIA,FINALIZADO E AGUARDANDO PUBLICAÇÃO,PI0260-2016,01/04/2016,01/03/2023,Ciências Humanas,Filosofia,Epistemologia,Funções e Comportamentos
LUIZMAR ADRIANO JUNIOR,PRÓ-REITORIA DE PESQUISA E INOVAÇÃO,FINALIZADO E AGUARDANDO PUBLICAÇÃO,PI02602-2018,25/04/2018,25/04/2023,Outras,Tecnologia e Inovação,,Implantação do Parque Tecnológico Samambaia  UFG
EWERTON ROCHA VIEIRA,INSTITUTO DE MATEMÁTICA E ESTATÍSTICA,PRORROGAÇÃO PENDENTE COORD. PESQUISA,PI02611-2018,26/04/2018,25/04/2023,Ciências Exatas e da Terra,Matemática,Geometria e Topologia,Métodos Topológicos em Sistemas Dinâmicos 
ELIS REGINA DA COSTA,UNID. ACAD. ESP./EDUCAÇÃO - CATALÃO,FINALIZADO E AGUARDANDO PUBLICAÇÃO,PI02627-2017,20/12/2017,31/01/2023,Ciências Humanas,Psicologia,Psicologia do Ensino e da Aprendizagem,O ENSINO DE ESTRATÉGIAS DE APRENDIZAGEM PARA ALUNOS REPETENTES DO CURSO DE PEDAGOGIA: UM ESTUDO EXPLORATÓRIO     
CRISTINA DA COSTA KREWER MASCIOLI,INSTITUTO DE CIENCIAS BIOLOGICAS,FINALIZADO E AGUARDANDO PUBLICAÇÃO,PI02674-2018,01/05/2018,01/08/2023,Ciências Biológicas,Biologia Geral,,Qual a contribuição do desenho na compreensão das ciências biológicas?
DIEGO MAURICIO BARBOSA,FACULDADE DE LETRAS,FINALIZADO E AGUARDANDO PUBLICAÇÃO,PI02675-2018,01/08/2018,31/07/2023,"Lingüística, Letras e Artes",Lingüística,Lingüística Aplicada,QUALIDADE NA TRADUÇÃO E INTERPRETAÇÃO: LÍNGUA BRASILEIRA DE SINAIS  LÍNGUA PORTUGUESA
JULIO ALMEIDA SILVA,FACULDADE DE ODONTOLOGIA,FINALIZADO E AGUARDANDO PUBLICAÇÃO,PI02793-2018,20/04/2018,30/11/2023,Ciências da Saúde,Odontologia,,Validação da oximetria de pulso como método de diagnóstico na Odontologia
WANDERLEI MALAQUIAS PEREIRA JUNIOR,UAE - DE ENGENHARIA - CATALÃO,FINALIZADO E AGUARDANDO PUBLICAÇÃO,PI02801-2018,24/07/2018,30/04/2023,Engenharias,Engenharia Civil,,DESENVOLVIMENTO DE UMA PLATAFORMA MULTIDISCIPLINAR DE TRABALHO VOLTADA A ENGENHARIA
PAULO ROBERTO SCALCO,"FACULDADE DE ADMINISTRAÇÃO, CIÊNCIAS CONTÁBEIS E CIÊNCIAS ECONÔMICAS",FINALIZADO E AGUARDANDO PUBLICAÇÃO,PI02835-2018,01/06/2018,01/08/2023,Ciências Sociais Aplicadas,Economia,Economia Industrial,"MERCADOS IMPERFEITOS, CONCORRÊNCIA E PODER DE MERCADO"
ADRIANA LUIZE BOCCHI,UNID. ACAD. ESP/CIENCIAS AGRARIAS-JATAI,FINALIZADO E AGUARDANDO PUBLICAÇÃO,PI02852-2018,10/06/2018,31/12/2023,Ciências Agrárias,Zootecnia,Produção Animal,DESEMPENHO E QUALIDADE DE CARCAÇA DE BOVINOS CONFINADOS
ANA GABRIELA COLANTONI,UNID. ACAD. ESP/CIENCIAS HUMANAS - GOIAS,FINALIZADO,PI02899-2018,28/09/2018,28/09/2023,Ciências Humanas,Educação,Fundamentos da Educação,Educação e Filosofia do Campo
DIEGO TARLEY FERREIRA NASCIMENTO,INSTITUTO DE ESTUDOS SÓCIO-AMBIENTAIS,FINALIZADO,PI02913-2019,02/01/2019,31/08/2023,Ciências Humanas,Geografia,Geografia Regional,RITMO E GÊNESE DO CLIMA DO ESTADO DE GOIÁS E DO DISTRITO FEDERAL
CRISTOVAO GIOVANI BURGARELLI,FACULDADE DE EDUCAÇÃO,FINALIZADO,PI02939-2018,26/09/2018,31/07/2023,Ciências Humanas,Psicologia,Psicologia Social,Freud no século XXI: a atualidade da clínica psicanalítica
MARIA CLORINDA SOARES FIORAVANTI,ESCOLA DE VETERINÁRIA E ZOOTECNIA,FINALIZADO E AGUARDANDO PUBLICAÇÃO,PI02989-2018,01/12/2018,31/01/2023,Ciências Agrárias,Medicina Veterinária,Clínica e Cirurgia Animal,"ASPECTOS CLÍNICOS, LABORATORIAIS E TERAPÊUTICOS DE CANINOS E FELINOS PORTADORES DE UROLITÍASE"
LUCELIA GONCALVES VIEIRA,INSTITUTO DE CIENCIAS BIOLOGICAS,FINALIZADO E AGUARDANDO PUBLICAÇÃO,PI03013-2018,17/09/2018,16/09/2023,Ciências Biológicas,Morfologia,Anatomia,"Influência da exposição à atrazina, glifosato e fipronil no desenvolvimento de Podocnemis expansa (Testudines, Podocnemididae)"
FABIANNA SIMAO BELLIZZI CARNEIRO,UNID. ACAD. ESP/LETRAS E LINGUISTICA - CATALAO,FINALIZADO E AGUARDANDO PUBLICAÇÃO,PI03025-2018,08/11/2018,08/11/2023,"Lingüística, Letras e Artes",Letras,Literatura Comparada,Um ser tão assombrado: as manifestações do gótico no regionalismo brasileiro
MONICA SANTIAGO BARBOSA,INSTITUTO DE PATOLOGIA TROPICAL E SAÚDE PÚBLICA,FINALIZADO E AGUARDANDO PUBLICAÇÃO,PI03047-2018,01/07/2018,31/12/2023,Ciências Biológicas,Microbiologia,Microbiologia Aplicada,Detecção dos Genes de Virulência do Helicobacter pylori em Pacientes com Câncer Gástrico: Uma Associação com os Aspectos Clínicos e Histopatológicos 
RUBENS DE FREITAS BENEVIDES,FACULDADE DE CIÊNCIAS SOCIAIS,FINALIZADO E AGUARDANDO PUBLICAÇÃO,PI03054-2018,01/10/2018,31/12/2023,Ciências Humanas,Sociologia,Outras Sociologias Específicas,COLETIVOS DE CULTURA COMO PRODUTORES CULTURAIS
ALEXANDRE PANCOTTI,UNID. ACAD. ESP/CIENCIAS EXATAS - JATAI,FINALIZADO E AGUARDANDO PUBLICAÇÃO,PI0306-2017,14/03/2017,31/08/2023,Ciências Exatas e da Terra,Física,Física Geral,X-Ray Photoelectron Diffraction Study Of Relaxation And Rumpling Of Micron Scale Ferroeletric Domains In BatiO3(001) - Part 3
CINTIA SILVA MINAFRA E REZENDE,ESCOLA DE VETERINÁRIA E ZOOTECNIA,FINALIZADO E AGUARDANDO PUBLICAÇÃO,PI03110-2018,12/03/2018,06/03/2023,Ciências Agrárias,Medicina Veterinária,Inspeção de Produtos de Origem Animal,EFEITO ANTIBIÓTICO DA PRÓPOLIS VERMELHA SOBRE Campylobacter - TERMOTOLERANTES
HENRIQUE ALMEIDA FERNANDES,UNID. ACAD. ESP/CIENCIAS EXATAS - JATAI,FINALIZADO E AGUARDANDO PUBLICAÇÃO,PI03113-2019,01/01/2019,31/12/2023,Ciências Exatas e da Terra,Física,Física da Matéria Condensada,Comportamento crítico dinâmico em sistemas de spin e em modelos com estados absorventes
CINTIA SILVA MINAFRA E REZENDE,ESCOLA DE VETERINÁRIA E ZOOTECNIA,FINALIZADO E AGUARDANDO PUBLICAÇÃO,PI03116-2018,12/03/2018,06/03/2023,Ciências Agrárias,Medicina Veterinária,Inspeção de Produtos de Origem Animal,POTENCIAL ANTIMICROBIANO DA PRÓPOLIS VERDE SOBRE Salmonella enterica subsp. enterica
LUCIANA MELO COELHO,UNID. ACAD. ESP/QUIMICA - CATALAO,FINALIZADO E AGUARDANDO PUBLICAÇÃO,PI03122-2019,14/01/2019,30/08/2023,Ciências Exatas e da Terra,Química,Química Analítica,Determinação de agrotóxicos em alimentos
CINTIA SILVA MINAFRA E REZENDE,ESCOLA DE VETERINÁRIA E ZOOTECNIA,FINALIZADO E AGUARDANDO PUBLICAÇÃO,PI03135-2018,12/06/2018,13/03/2023,Ciências Agrárias,Medicina Veterinária,Inspeção de Produtos de Origem Animal,PERDAS ECONÔMICAS ASSOCIADAS ÀS CONDENAÇÕES SANITÁRIAS DE CARCAÇAS DE FRANGOS 
ELZILAINE DOMINGUES MENDES,UNID. ACAD. ESP/BIOTECNOLOGIA - CATALAO,FINALIZADO E AGUARDANDO PUBLICAÇÃO,PI03154-2018,02/04/2018,29/12/2023,Ciências Humanas,Psicologia,Tratamento e Prevenção Psicológica,Psicopatologia e Clínica Contemporânea
SIMONE GONCALVES DA FONSECA,INSTITUTO DE PATOLOGIA TROPICAL E SAÚDE PÚBLICA,FINALIZADO E AGUARDANDO PUBLICAÇÃO,PI03155-2018,01/09/2018,31/12/2023,Ciências Biológicas,Imunologia,Imunologia Celular,Envolvimento do microbioma intestinal e metabolismo microbiano no controle da infecção pelo Vírus da imunodeficiência humana (HIV)
CLAUDIO ANDRE BARBOSA DE LIRA,FACULDADE DE EDUCAÇÃO FISICA E DANÇA,FINALIZADO E AGUARDANDO PUBLICAÇÃO,PI03159-2019,18/01/2019,18/01/2023,Ciências da Saúde,Educação Física,,INFLUÊNCIA DO EXERGAME ZUMBA® FITNESS SOBRE OS NÍVEIS DE ANSIEDADE-ESTADO DE MULHERES JOVENS: EFEITO DA DURAÇÃO E DA INTENSIDADE DO EXERCÍCIO
MARCELO FOUAD RABAHI,FACULDADE DE MEDICINA,FINALIZADO E AGUARDANDO PUBLICAÇÃO,PI0320-2016,01/03/2016,31/12/2023,Ciências da Saúde,Medicina,Clínica Médica,PERCEPÇÃO DO SONO EM INDIVÍDUOS SUBMETIDOS À POLISSONOGRAFIA 
MARA RUBIA DA ROCHA,ESCOLA DE AGRONOMIA,FINALIZADO E AGUARDANDO PUBLICAÇÃO,PI03234-2019,01/01/2019,31/12/2023,Ciências Agrárias,Agronomia,Fitossanidade,FUNGO ORQUIDOIDE MICORRÍZICO Waitea circinata COMO ALTERNATIVA DE MANEJO DO NEMATOIDE Heterodera glycines NA CULTURA DA SOJA 
EDEMILSON CARDOSO DA CONCEICAO,FACULDADE DE FARMÁCIA,FINALIZADO E AGUARDANDO PUBLICAÇÃO,PI03238-2019,01/03/2019,01/03/2023,Ciências da Saúde,Farmácia,Farmacotecnia,"DESENVOLVIMENTO DE AGENTE FOTOPROTETOR CUTÂNEO (PROTETOR SOLAR) A PARTIR DE EXTRATO DE MATÉRIA PRIMA VEGETAL DA CAATINGA (FOLHAS E TALOS DE Passiflora Cincinnata Mast. (Passifloraceae), COM POTENCIAL FATOR DE PROTEÇÃO NATURAL E ATIVIDADE ANTIOXIDANTE"
CINTIA SILVA MINAFRA E REZENDE,ESCOLA DE VETERINÁRIA E ZOOTECNIA,FINALIZADO E AGUARDANDO PUBLICAÇÃO,PI03269-2018,01/05/2018,30/04/2023,Ciências Agrárias,Medicina Veterinária,Inspeção de Produtos de Origem Animal,GENES DE VIRULÊNCIA E RASTREAMENTO MOLECULAR EM ISOLADOS DE Salmonella enterica OBTIDOS DE FÁBRICAS DE RAÇÕES PARA AVES
CINTIA SILVA MINAFRA E REZENDE,ESCOLA DE VETERINÁRIA E ZOOTECNIA,FINALIZADO E AGUARDANDO PUBLICAÇÃO,PI03271-2019,13/02/2019,31/01/2023,Ciências Agrárias,Medicina Veterinária,Inspeção de Produtos de Origem Animal,PERFIL DE VIRULÊNCIA E RESISTÊNCIA DE Salmonella enterica DE PESCADO
HUGO ALEXANDRE DANTAS DO NASCIMENTO,INSTITUTO DE INFORMÁTICA,FINALIZADO E AGUARDANDO PUBLICAÇÃO,PI03276-2018,01/10/2018,31/12/2023,Ciências Exatas e da Terra,Ciência da Computação,,Inter-relação entre Estados Mentais e Cores e Sons Percebidos por Meio de Feedback Contínuo
GRAZIELE ALVES AMARAL,UAE REJ CIÊNCIAS HUMANAS E LETRAS,FINALIZADO E AGUARDANDO PUBLICAÇÃO,PI03307-2019,25/02/2019,30/12/2023,Ciências Humanas,Psicologia,Psicologia do Trabalho e Organizacional,Escuta Clínica do sofrimento no trabalho
JONATHAS XAVIER PEREIRA,INSTITUTO DE PATOLOGIA TROPICAL E SAÚDE PÚBLICA,FINALIZADO E AGUARDANDO PUBLICAÇÃO,PI03314-2019,01/03/2019,31/12/2023,Ciências Biológicas,Morfologia,Citologia e Biologia Celular,Melanoma Experimental: Bloqueio Concomitante de 3 Alvos Moleculares
RAPHAELLA BARBOSA MEIRELLES BARTOLI,UNID. ACAD. ESP/CIENCIAS AGRARIAS-JATAI,FINALIZADO E AGUARDANDO PUBLICAÇÃO,PI03317-2018,15/01/2018,15/12/2023,Ciências Agrárias,Medicina Veterinária,Medicina Veterinária Preventiva,A ATUAÇÃO DE MÉDICOS VETERINÁRIOS NA CAPACITAÇÃO DE AGENTES COMUNITÁRIOS DE SAÚDE E DE ENDEMIAS NO MUNICÍPIO DE JATAÍ-GO
CAMILA CARDOSO CAIXETA,FACULDADE DE ENFERMAGEM,AGUARDANDO CEP/CEUA/CBIO,PI03319-2019,11/03/2019,29/12/2023,Ciências da Saúde,Enfermagem,Enfermagem Psiquiátrica,AÇÕES DE CUIDADO E PREVENÇÃO AO SUICÍDIO EM INDÍGENAS 
DEIVID LOPES MACHADO,UNID. ACAD. ESP/CIENCIAS AGRARIAS-JATAI,FINALIZADO E AGUARDANDO PUBLICAÇÃO,PI03330-2019,01/03/2019,31/07/2023,Ciências Agrárias,Recursos Florestais e Engenharia Florestal,Conservação da Natureza,SUPLANTANDO OS FILTROS ECOLÓGICOS DE ESTABELECIMENTO E DESENVOLVIMENTO DE ESPÉCIES ARBÓREAS EM PLANTIOS DE RESTAURAÇÃO ECOLÓGICA
ANA LORYM SOARES DE VASCONCELOS,UAE REJ CIÊNCIAS HUMANAS E LETRAS,FINALIZADO E AGUARDANDO PUBLICAÇÃO,PI03355-2019,01/02/2019,30/09/2023,Ciências Humanas,História,Teoria e Filosofia da História,Literatura e historicidade: crítica à modernidade historicista e emergência de temporalidades pós-utópicas em romances distópicos contemporâneos 
FREDERICO GEMESIO LEMOS,UNID. ACAD. ESP/BIOTECNOLOGIA - CATALAO,FINALIZADO E AGUARDANDO PUBLICAÇÃO,PI03379-2018,01/03/2018,31/12/2023,Ciências Biológicas,Ecologia,Ecologia Aplicada,Fatores determinantes para a presença de Caiman latirostris (Crocodylia: Alligatoridae) em lagoas no Sudeste de Goiás
ANA PAULA FREITAS VILELA BOAVENTURA,UNID. ACAD. ESP/CIENCIAS EXATAS - JATAI,FINALIZADO E AGUARDANDO PUBLICAÇÃO,PI03419-2019,01/04/2019,01/09/2023,Ciências Exatas e da Terra,Ciência da Computação,Metodologia e Técnicas da Computação,Comparação entre técnicas de realce de imagens obtidas por VANTs para identificação de fitossanidade em lavouras de soja
MARCOS ANTONIO DE MENEZES,UAE REJ CIÊNCIAS HUMANAS E LETRAS,FINALIZADO E AGUARDANDO PUBLICAÇÃO,PI03433-2019,26/03/2019,31/07/2023,Ciências Humanas,História,História do Brasil,Imagens urbanas de Goyaz: olhares sobre as narrativas dos naturalistas-viajantes do século XIX.
MARINALDO DIVINO RIBEIRO,PRÓ-REITORIA DE PESQUISA E INOVAÇÃO,FINALIZADO E AGUARDANDO PUBLICAÇÃO,PI03452-2019,28/03/2019,31/12/2023,Ciências Agrárias,Zootecnia,Nutrição e Alimentação Animal,Óleo de baru na alimentação de ovinos
NADIA DO LAGO COSTA,FACULDADE DE ODONTOLOGIA,PRORROGAÇÃO PENDENTE COORD. PESQUISA,PI03466-2019,29/03/2019,31/07/2023,Ciências da Saúde,Odontologia,Clínica Odontológica,"AVALIAÇÃO DOS NÍVEIS SÉRICOS DE VITAMINA D3 [1,25 (OH)2] EM PACIENTES COM LÍQUEN PLANO ORAL E SUA ASSOCIAÇÃO COM A SEVERIDADE DESTA DOENÇA"
REGIS DE CASTRO FERREIRA,FACULDADE DE ARTES VISUAIS,FINALIZADO E AGUARDANDO PUBLICAÇÃO,PI03471-2019,01/04/2019,31/03/2023,Ciências Agrárias,Engenharia Agrícola,Construções Rurais e Ambiência,"Bioconstruindo: Adequação, Sustentabilidade e Inovação"
NAIARA CAIXETA DA SILVA,ESCOLA DE VETERINÁRIA E ZOOTECNIA,FINALIZADO E AGUARDANDO PUBLICAÇÃO,PI03472-2019,01/04/2019,31/10/2023,Ciências Agrárias,Zootecnia,Nutrição e Alimentação Animal,Sistemas de indicadores para a determinação de fluxo de ruminal de amido e diferentes técnicas para a determinação de digestibilidade no trato digestivo total em bovinos recebendo milho com diferentes processamentos
LILIAN CARLA CARNEIRO,INSTITUTO DE PATOLOGIA TROPICAL E SAÚDE PÚBLICA,FINALIZADO,PI03474-2018,01/08/2018,31/12/2023,Ciências da Saúde,Saúde Coletiva,Saúde Pública,"RASTREAMENTO DOS TIPOS VIRAIS CHIKUNGUNYA, DENGUE E ZIKA EM DE TECIDOS CÓRNEOS DE POTENCIAIS DOADORES"
MERCIA PANDOLFO PROVIN,FACULDADE DE FARMÁCIA,FINALIZADO E AGUARDANDO PUBLICAÇÃO,PI03482-2018,20/09/2018,28/04/2023,Ciências da Saúde,Farmácia,,Desenvolvimento e Validação de um instrumento para avaliar o empoderamento do paciente frente a sua segurança referente ao tratamento farmacológico durante a internação
PEDRO HENRIQUE FERRI,INSTITUTO DE QUÍMICA,FINALIZADO E AGUARDANDO PUBLICAÇÃO,PI03483-2017,01/06/2017,31/05/2023,Ciências Exatas e da Terra,Química,Química Orgânica,Padrão temporal multivariado nos óleos essenciais e no conteúdo fenólico de frutos do Cerrado
STEPHANIA FLEURY TAVEIRA,FACULDADE DE FARMÁCIA,FINALIZADO E AGUARDANDO PUBLICAÇÃO,PI03486-2018,30/11/2018,30/12/2023,Ciências da Saúde,Farmácia,Farmacotecnia,Desenvolvimento de géis supramoleculares para aplicação tópica da Eugenia  uniflora L visando o tratamento de fungos na pele e na unha 
ALESSANDRA OLIVEIRA MACHADO VIEIRA,FACULDADE DE EDUCAÇÃO,FINALIZADO E AGUARDANDO PUBLICAÇÃO,PI03488-2019,28/02/2019,31/12/2023,Ciências Humanas,Psicologia,Psicologia do Desenvolvimento Humano,A EXPERIENCIA DO CURSINHO POPULAR COMUNIDADE FAZARTE-UFG NA FORMACAO DE PROFESSORES
ESTEBAN NICOLAS LORENZON,UNID. ACAD. ESP/CIENCIAS DA SAUDE-JATAI,FINALIZADO E AGUARDANDO PUBLICAÇÃO,PI03490-2019,01/03/2019,01/05/2023,Ciências Biológicas,Bioquímica,Química de Macromoléculas,"Desenho, síntese e avaliação de peptídeos antimicrobianos análogos da Indolicidina. Potencial aplicação como agentes desinfectantes de sêmen bovino"
WAGNER GOUVEA DOS SANTOS,UNID. ACAD. ESP/CIENCIAS DA SAUDE-JATAI,FINALIZADO E AGUARDANDO PUBLICAÇÃO,PI03494-2019,08/04/2019,31/12/2023,Ciências Biológicas,Genética,Genética Humana e Médica,DETERMINAÇÃO DE POLIMORFISMOS NO GENE RECEPTOR DE VITAMINA D (VDR) EM LINHAGENS TUMORAIS E AVALIAÇÃO DE SUA INFLUÊNCIA NO EFEITO DA 1 alfa - 25- DIIDROXI-VITAMINA D.
NADIA APARECIDA BERGAMO,INSTITUTO DE CIENCIAS BIOLOGICAS,FINALIZADO E AGUARDANDO PUBLICAÇÃO,PI03496-2019,02/04/2019,02/04/2023,Ciências Biológicas,Genética,Genética Humana e Médica,Estudo Genético em Casais com Histórico de Perdas Gestacionais Recorrentes
CALIOPE PILGER,UNID. ACAD. ESP/BIOTECNOLOGIA - CATALAO,FINALIZADO E AGUARDANDO PUBLICAÇÃO,PI03501-2019,03/04/2019,31/03/2023,Ciências da Saúde,Saúde Coletiva,Medicina Preventiva,Construção de laços sociais e impacto na saúde e qualidade de vida de idosos
FABIANA RODRIGUES CARRIJO,UNID. ACAD. ESP./EDUCAÇÃO - CATALÃO,FINALIZADO E AGUARDANDO PUBLICAÇÃO,PI03504-2019,08/06/2019,31/12/2023,"Lingüística, Letras e Artes",Lingüística,Filosofia da Linguagem,"ESCRITA DE SI, MEMÓRIA E SUBJETIVIDADE"
ANACLARA FERREIRA VEIGA TIPPLE,FACULDADE DE ENFERMAGEM,FINALIZADO E AGUARDANDO PUBLICAÇÃO,PI03512-2013,01/01/2013,31/12/2023,Ciências da Saúde,Enfermagem,Enfermagem de Saúde Pública,A higiene de mãos entre acadêmicos da área da saúde e profissionais da área da saúde 
SOLANGE MARTINS OLIVEIRA MAGALHAES,FACULDADE DE EDUCAÇÃO,FINALIZADO E AGUARDANDO PUBLICAÇÃO,PI03520-2010,13/12/2010,30/03/2023,Ciências Humanas,Educação,Planejamento e Avaliação Educacional,Redecentro - Rede de Pesquisadores sobre Professores da Região Centro-Oeste
JULIANA MARTINS DE SOUZA,UNID. ACAD. ESP/BIOTECNOLOGIA - CATALAO,FINALIZADO E AGUARDANDO PUBLICAÇÃO,PI03522-2019,01/04/2019,01/03/2023,Ciências da Saúde,Enfermagem,Enfermagem Pediátrica,PERFIL DE RESISTÊNCIA A ANTIBIÓTICOS DE BACTÉRIAS  ISOLADAS DE MATERIAL LÚDICO DE  BRINQUEDOTECA HOSPITALAR E UNIVERSITÁRIA
LIOSBER MEDINA GARCIA,FACULDADE DE CIÊNCIAS E TECNOLOGIA,FINALIZADO E AGUARDANDO PUBLICAÇÃO,PI03530-2019,29/03/2019,29/03/2023,Engenharias,Engenharia Civil,Infra-Estrutura de Transportes,Análise multi-escala do comportamento de materiais utilizados em obras rodoviarias.
KARLLA ANTONIETA AMORIM CAETANO,FACULDADE DE ENFERMAGEM,FINALIZADO E AGUARDANDO PUBLICAÇÃO,PI03543-2019,01/01/2019,31/12/2023,Ciências da Saúde,Enfermagem,Enfermagem de Doenças Contagiosas,"População Migrante e Refugiada em Situação de Vulnerabilidade de Goiás:  Epidemiologia das Infecções Sexualmente Transmissíveis, Hepatites Virais, Avaliação das Condições de Saúde e Violência"
LUCIANA BORGES,UNID. ACAD. ESP/LETRAS E LINGUISTICA - CATALAO,FINALIZADO E AGUARDANDO PUBLICAÇÃO,PI03548-2019,01/04/2019,31/12/2023,"Lingüística, Letras e Artes",Letras,Literatura Brasileira,FICÇÃO ERÓTICA DE AUTORIA FEMININA:  ANTOLOGIAS DE CONTOS DE ESCRITORAS BRASILEIRAS
ANACLARA FERREIRA VEIGA TIPPLE,FACULDADE DE ENFERMAGEM,FINALIZADO E AGUARDANDO PUBLICAÇÃO,PI03569-2014,01/04/2014,31/12/2023,Ciências da Saúde,Odontologia,Odontologia Social e Preventiva,COLONIZAÇÃO DA CAVIDADE NASAL DE PROFESSORES E ALUNOS DE ODONTOLOGIA POR MICRO-ORGANISMOS MULTIRRESISTENTES
IDA HELENA CARVALHO FRANCESCANTONIO MENEZES,FACULDADE DE NUTRIÇÃO,FINALIZADO E AGUARDANDO PUBLICAÇÃO,PI03576-2018,05/11/2018,31/07/2023,Ciências Humanas,Educação,,O COMER INTUITIVO NO COMPORTAMENTO E CONSUMO ALIMENTARES DE INDIVÍDUOS OBESOS CANDIDATOS À CIRURGIA BARIÁTRICA
CARLA GOMES MACHADO,UNID. ACAD. ESP/CIENCIAS AGRARIAS-JATAI,FINALIZADO E AGUARDANDO PUBLICAÇÃO,PI03578-2019,01/03/2019,31/08/2023,Ciências Agrárias,Agronomia,Fitotecnia,"QUALIDADE DE SEMENTES, MORFOANATÔMIA DE PLÂNTULAS E TRANSLOCAÇÃO DE RESERVAS DURANTE A GERMINAÇÃO DE CÁRTAMO"
ARIDIANE ALVES RIBEIRO,UNID. ACAD. ESP/CIENCIAS DA SAUDE-JATAI,FINALIZADO E AGUARDANDO PUBLICAÇÃO,PI03590-2018,01/11/2018,31/12/2023,Ciências da Saúde,Saúde Coletiva,Saúde Pública,PESQUISA EU QUERO Envolvendo Usuários para Melhorias e Direitos de Qualidade (EU QUERO): Fortalecer o sistema de cuidados de saúde materno-infantil nos primeiros 1000 dias de vida no Brasil
CLARISSA ADJUTO ULHOA,UAE REJ CIÊNCIAS HUMANAS E LETRAS,FINALIZADO E AGUARDANDO PUBLICAÇÃO,PI03594-2019,03/04/2019,20/08/2023,Ciências Humanas,História,História do Brasil,As Religiões Afro-brasileiras no Sudoeste Goiano
AGUSTINA ROSA ECHEVERRIA,INSTITUTO DE QUÍMICA,FINALIZADO E AGUARDANDO PUBLICAÇÃO,PI03599-2019,01/03/2019,31/12/2023,Ciências Humanas,Educação,Ensino-Aprendizagem,Um estudo sobre a relação entre os motivos e a aprendizagem de Ciências da Natureza na perspectiva da Teoria Histórico-Cultural: focalizando a Radiação Ionizante
MERCIA PANDOLFO PROVIN,FACULDADE DE FARMÁCIA,FINALIZADO E AGUARDANDO PUBLICAÇÃO,PI03605-2019,04/03/2019,28/04/2023,Ciências da Saúde,Farmácia,,DESENVOLVIMENTO DE APLICATIVO MÓVEL PARA FACILITAR ACESSO AO MEDICAMENTO NO SISTEMA PÚBLICO DE SAÚDE
JOSE QUERINO TAVARES NETO,FACULDADE DE DIREITO,FINALIZADO E AGUARDANDO PUBLICAÇÃO,PI03612-2019,01/08/2019,31/12/2023,Ciências Sociais Aplicadas,Direito,Direito Público,AS POSSIBILIDADES DE CONSTITUIÇÃO DE UM PODER JUDICIÁRIO SOCIOAMBIENTAL A PARTIR DA TEORIA DE PIERRE BOURDIEU
SERGIO TADEU SIBOV,INSTITUTO DE CIENCIAS BIOLOGICAS,FINALIZADO E AGUARDANDO PUBLICAÇÃO,PI03615-2019,01/03/2019,28/02/2023,Ciências Agrárias,Agronomia,Fitotecnia,Uso de biorreatores de imersão temporária para produção de mudas pré-brotadas de cana-de-açúcar
LISBETH OLIVEIRA,FACULDADE DE INFORMAÇÃO E COMUNICAÇÃO,FINALIZADO E AGUARDANDO PUBLICAÇÃO,PI03621-2019,27/03/2019,31/12/2023,Ciências Sociais Aplicadas,Comunicação,Comunicação Visual,EXPOSICAO: UMA FERRAMENTA DE COMUNICACAO A SERVICO DA SUSTENTABILIDADE
MURILO BORGES SILVA,UAE REJ CIÊNCIAS HUMANAS E LETRAS,FINALIZADO E AGUARDANDO PUBLICAÇÃO,PI03628-2019,03/04/2019,03/04/2023,Ciências Humanas,História,História do Brasil,"ESCRAVIDÃO E EMANCIPAÇÃO NO SUDOESTE DE GOIÁS: CONFLITOS, ACORDOS E EXPECTATIVAS "
ANA PAULA DE ARAUJO CHAVES,INSTITUTO DE MATEMÁTICA E ESTATÍSTICA,FINALIZADO E AGUARDANDO PUBLICAÇÃO,PI03634-2019,01/05/2019,01/08/2023,Ciências Exatas e da Terra,Matemática,Álgebra,"Equações Diofantinas, Sequências Recorrentes e Teoria Transcendente"
DENIS CASTILHO,INSTITUTO DE ESTUDOS SÓCIO-AMBIENTAIS,FINALIZADO E AGUARDANDO PUBLICAÇÃO,PI03649-2019,01/03/2019,31/12/2023,Ciências Humanas,Geografia,Geografia Humana,A rede rodoviária em Goiás: análise e mapeamento da urbanização e da dinâmica econômica regional entre 1921 e 2018.
ROMES ANTONIO BORGES,UNID. ACAD. ESP/MATEMATICA E TECNOLOGIA - CATALAO,FINALIZADO E AGUARDANDO PUBLICAÇÃO,PI03662-2019,01/02/2019,01/09/2023,Engenharias,Engenharia Mecânica,Mecânica dos Sólidos,Modelagem Estocástica e Otimização Robusta de Estruturas Periódicas e Metamateriais em Dinâmica Estrutural
NADIA FELIX FELIPE DA SILVA,INSTITUTO DE INFORMÁTICA,FINALIZADO E AGUARDANDO PUBLICAÇÃO,PI03694-2019,04/04/2019,04/04/2023,Ciências Exatas e da Terra,Ciência da Computação,Sistemas de Computação,Aplicação de Técnicas de aprendizado de Máquina e Linguística de Corpus para resolução de problemas em Processamento de Linguagem Natural
RONALDO DA SILVA,UNID. ACAD. ESP/GEOGRAFIA - CATALAO,FINALIZADO E AGUARDANDO PUBLICAÇÃO,PI03710-2019,06/04/2019,06/09/2023,Ciências Humanas,Geografia,Geografia Humana,"Política Externa Brasileira, Geopolítica e Desenvolvimento (2016  2023): a direita no poder"
CRISTIANE LOPES SIMAO LEMOS,INSTITUTO DE CIENCIAS BIOLOGICAS,FINALIZADO E AGUARDANDO PUBLICAÇÃO,PI03711-2019,31/07/2019,01/08/2023,Ciências Humanas,Educação,Tópicos Específicos de Educação,Metodologias ativas na saúde: uma análise crítica da produção científica da Revista Brasileira de Educação Médica (2001-2019)
DENIS RICHTER,INSTITUTO DE ESTUDOS SÓCIO-AMBIENTAIS,FINALIZADO,PI03815-2019,01/08/2019,31/07/2023,Ciências Humanas,Geografia,,A LINGUAGEM CARTOGRÁFICA NO ENSINO DE GEOGRAFIA: desafios e possibilidades para a formação e ação docente
ANA FLAVIA MACHADO BOTELHO,ESCOLA DE VETERINÁRIA E ZOOTECNIA,FINALIZADO,PI03822-2019,01/05/2019,31/12/2023,Ciências Agrárias,Medicina Veterinária,Clínica e Cirurgia Animal,PLANTAS TÓXICAS DO CERRADO  EXPEDIÇÃO AO SÍTIO HISTÓRICO E PATRIMÔNIO CULTURAL KALUNGA
KEILA MATIDA DE MELO,FACULDADE DE EDUCAÇÃO,FINALIZADO,PI03830-2019,01/08/2019,31/08/2023,Ciências Humanas,Educação,Fundamentos da Educação,Dialogismo e alteridade em Mikhail Bakhtin
MARINA CLARE VINAUD,INSTITUTO DE PATOLOGIA TROPICAL E SAÚDE PÚBLICA,FINALIZADO E AGUARDANDO PUBLICAÇÃO,PI03868-2019,01/06/2019,31/12/2023,Ciências Biológicas,Parasitologia,Helmintologia de Parasitos,DETERMINAÇÃO DO IMPACTO METABÓLICO DE DERIVADOS BENZIMIDAZÓLICOS NO METABOLISMO DE CISTICERCOS DE TAENIA CRASSICEPS 
KAYE OLIVEIRA DA SILVA,INSTITUTO DE MATEMÁTICA E ESTATÍSTICA,FINALIZADO E AGUARDANDO PUBLICAÇÃO,PI0388-2015,01/09/2015,01/01/2023,Ciências Exatas e da Terra,Matemática,Análise,Bifurcação e Variedade de Nehari
SERGIO TEIXEIRA DE CARVALHO,INSTITUTO DE INFORMÁTICA,FINALIZADO E AGUARDANDO PUBLICAÇÃO,PI03885-2019,24/06/2019,01/10/2023,Ciências Exatas e da Terra,Ciência da Computação,Sistemas de Computação,Aplicação de Técnicas de Computação Ubíqua e Padrões de Informática em Saúde no Contexto do Monitoramento Remoto de Pacientes Domiciliares
KARLA ALCIONE DA SILVA CRUVINEL,ESCOLA DE ENGENHARIA CIVIL E AMBIENTAL,FINALIZADO,PI03892-2019,16/09/2019,29/09/2023,Engenharias,Engenharia Sanitária,Recursos Hídricos,MONITORAMENTO DA QUALIDADE DA ÁGUA DE  CORPOS HÍDRICOS URBANOS DE GOIÂNIA
DANIELI BROLO MARTINS,ESCOLA DE VETERINÁRIA E ZOOTECNIA,FINALIZADO E AGUARDANDO PUBLICAÇÃO,PI03923-2019,15/10/2019,30/08/2023,Ciências Agrárias,Medicina Veterinária,Patologia Animal,"Hemogasometria, microbiologia e lactato sérico em cadelas com piometra"
FERNANDA CRISTINA ALCANTARA DOS SANTOS,INSTITUTO DE CIENCIAS BIOLOGICAS,FINALIZADO E AGUARDANDO PUBLICAÇÃO,PI03931-2019,01/10/2019,30/04/2023,Ciências Biológicas,Morfologia,Histologia,Efeitos do extrato etanólico do Jambu (Acmella oleracea) na prevenção e tratamento da hiperplasia benigna prostática em ratos SHR
ROSANGELA MARIA RODRIGUES,UNID. ACAD. ESP/CIENCIAS DA SAUDE-JATAI,FINALIZADO E AGUARDANDO PUBLICAÇÃO,PI03952-2019,15/10/2019,31/12/2023,Ciências Biológicas,Parasitologia,Protozoologia de Parasitos,"Associação de fatores de riscos para doenças parasitárias intestinais e infecções virais em crianças usuárias de creches do município de Jataí, Goiás"
CAMILA CARDOSO CAIXETA,FACULDADE DE ENFERMAGEM,FINALIZADO E AGUARDANDO PUBLICAÇÃO,PI03958-2018,01/03/2018,29/12/2023,Ciências da Saúde,Enfermagem,Enfermagem de Saúde Pública,AVALIAÇÃO DA ESTRUTURA E DINÂMICA DE TRABALHO DO CENTRO DE ATENÇÃO PSICOSSOCIAL  CAPS III DE APARECIDA DE GOIÂNIA - GO
CLAUDIO RODRIGUES LELES,FACULDADE DE ODONTOLOGIA,FINALIZADO E AGUARDANDO PUBLICAÇÃO,PI03969-2019,01/01/2019,31/07/2023,Ciências da Saúde,Odontologia,Clínica Odontológica,Desenvolvimento de uma estratégia de priorização para reabilitação de pacientes desdentados totais com prótese total convencional no contexto do SUS
RUSVENIA LUIZA BATISTA RODRIGUES DA SILVA,INSTITUTO DE ESTUDOS SÓCIO-AMBIENTAIS,FINALIZADO,PI03986-2019,29/08/2019,09/01/2023,Ciências Humanas,Geografia,Geografia Humana,VEREDAS - Saberes compartilhados na circularidade entre campo e cidade.
KARLA ANNYELLY TEIXEIRA DE OLIVEIRA,INSTITUTO DE ESTUDOS SÓCIO-AMBIENTAIS,FINALIZADO E AGUARDANDO PUBLICAÇÃO,PI03998-2019,01/07/2019,31/01/2023,Ciências Humanas,Geografia,Geografia Humana,Nós Propomos! Goiás: construção do pensamento geográfico e atuação cidadã dos alunos dos anos Finais do Ensino Fundamental
CLAUDIO RODRIGUES LELES,FACULDADE DE ODONTOLOGIA,FINALIZADO E AGUARDANDO PUBLICAÇÃO,PI04000-2019,01/11/2019,01/08/2023,Ciências da Saúde,Odontologia,Clínica Odontológica,"Avaliação longitudinal da resposta ao tratamento com próteses totais: efeito de variáveis independentes nos resultados funcionais, clínicos e desfechos reportados pelo paciente"
MARINALDO DIVINO RIBEIRO,PRÓ-REITORIA DE PESQUISA E INOVAÇÃO,FINALIZADO E AGUARDANDO PUBLICAÇÃO,PI04008-2019,02/01/2019,31/12/2023,Ciências Agrárias,Zootecnia,Nutrição e Alimentação Animal,Estabilidade proteica do leite e resposta produtiva de vacas lactantes suplementadas com diferentes níveis de amido
CLAUDIO RODRIGUES LELES,FACULDADE DE ODONTOLOGIA,FINALIZADO,PI04011-2019,01/10/2019,30/09/2023,Ciências da Saúde,Odontologia,Clínica Odontológica,Mini-implantes de TiZi de corpo único associada a conexão protética miniaturizada e superfície revestida por carbono: um ensaio clínico fatorial randomizado para testar os desfechos do carregamento imediato ou tardio e cirurgia aberta ou sem retalho
VERIDIANA MARIA BRIANEZI DIGNANI DE MOURA,ESCOLA DE VETERINÁRIA E ZOOTECNIA,FINALIZADO E AGUARDANDO PUBLICAÇÃO,PI04020-2019,04/11/2019,31/10/2023,Ciências Agrárias,Medicina Veterinária,Patologia Animal,Efeitos da água ozonizada sobre o tumor de ehrlich sólido experimentalmente induzido em camundongos
RUY DE SOUZA LINO JUNIOR,INSTITUTO DE PATOLOGIA TROPICAL E SAÚDE PÚBLICA,FINALIZADO E AGUARDANDO PUBLICAÇÃO,PI04024-2019,02/08/2019,31/12/2023,Ciências da Saúde,Medicina,Anatomia Patológica e Patologia Clínica,Efeito do tratamento com hidrogel de ácido hialurônico e prata na cicatrização de queimaduras de espessura parcial infectadas e não infectadas induzidas experimentalmente em camundongos BALB/c
JOSE RODOLFO PACHECO THIESEN,UNID.ACAD.ESP/CIENC SOCIAIS APLIC-GOIAS,FINALIZADO E AGUARDANDO PUBLICAÇÃO,PI04029-2019,13/11/2019,15/12/2023,Ciências Sociais Aplicadas,Arquitetura e Urbanismo,Tecnologia de Arquitetura e Urbanismo,TRABALHO E AUTONOMIA NO CANTEIRO DE OBRAS COLONIAL: O caso da Vila Boa de Goiás
ALINE REGINA ALVES MARTINS,FACULDADE DE CIÊNCIAS SOCIAIS,FINALIZADO E AGUARDANDO PUBLICAÇÃO,PI04032-2019,01/08/2019,31/12/2023,Ciências Humanas,Ciência Política,Política Internacional,A internacionalização do renminbi e as possíveis consequências para a hegemonia do dólar na economia global 
CARLOS HENRIQUE XAVIER CUSTODIO,INSTITUTO DE CIENCIAS BIOLOGICAS,FINALIZADO E AGUARDANDO PUBLICAÇÃO,PI04043-2019,04/11/2019,31/12/2023,Ciências Biológicas,Fisiologia,Fisiologia de Órgãos e Sistemas,EFEITOS DA INTERVENÇÃO CRÔNICA NO EIXO GRELINA-GHS-R1a SOBRE AS FUNÇÕES AUTONÔMICAS E COMPORTAMENTO EM MODELO DE ANSIEDADE E HIPERTENSÃO PRIMÁRIA
FLAVIO GOMES DE OLIVEIRA,FACULDADE DE ARTES VISUAIS,FINALIZADO,PI04061-2020,02/03/2020,31/03/2023,"Lingüística, Letras e Artes",Artes,Artes do Vídeo,O uso da técnica de animação em stop motion como ferramenta pedagógica
LANA DE SOUZA CAVALCANTI,INSTITUTO DE ESTUDOS SÓCIO-AMBIENTAIS,FINALIZADO E AGUARDANDO PUBLICAÇÃO,PI04076-2019,01/11/2019,11/12/2023,Ciências Humanas,Geografia,Geografia Humana,"Formação/Atuação de professores de Geografia, conhecimentos profissionais e o pensamento geográfico: práticas docentes com conteúdos escolares para a vida urbana cidadã"
ALINE PRISCILA PANSANI,INSTITUTO DE CIENCIAS BIOLOGICAS,FINALIZADO E AGUARDANDO PUBLICAÇÃO,PI04082-2018,01/04/2018,31/12/2023,Ciências Biológicas,Fisiologia,,ANÁLISE DO EFEITO DA APNEIA OBSTRUTIVA NAS ALTERAÇÕES CARDIOVASCULARES PROVOCADAS POR CRISES EPILÉPTICAS
EDUARDO VIGNOTO FERNANDES,UNID. ACAD. ESP/CIENCIAS BIOLOGICAS-JATAI,FINALIZADO E AGUARDANDO PUBLICAÇÃO,PI04083-2020,01/03/2020,01/08/2023,Ciências Biológicas,Morfologia,Anatomia,ESTUDO COMPARATIVO ENTRE METODOLOGIAS CONSTRUTIVISTA E TRADICIONAL NO ENSINO SUPERIOR
ANDRE BARCELLOS CARLOS DE SOUZA,FACULDADE DE EDUCAÇÃO,FINALIZADO,PI04132-2019,12/12/2019,23/12/2023,Ciências Humanas,Educação,Fundamentos da Educação,Os fundamentos do programa Future-se já se encontram presentes na UFG? 
KARINE CAMILA OLIVEIRA,UNID.ACAD.ESP/CIENC SOCIAIS APLIC-GOIAS,FINALIZADO E AGUARDANDO PUBLICAÇÃO,PI04185-2019,05/08/2019,31/07/2023,Ciências Sociais Aplicadas,Arquitetura e Urbanismo,Fundamentos de Arquitetura e Urbanismo,Perspectivas para a preservação de cidades
JAMES OLUWAGBAMIGBE FAJEMIROYE,INSTITUTO DE CIENCIAS BIOLOGICAS,FINALIZADO E AGUARDANDO PUBLICAÇÃO,PI04190-2019,01/07/2019,01/12/2023,Ciências Biológicas,Farmacologia,Neuropsicofarmacologia,VALIDAÇÃO DO MODELO DE DEPRESSÃO PÓS-PARTO E AVALIAÇÃO PRÉ-CLÍNICA DAS ATIVIDADES ANTIDEPRESSIVAS DOS ANÁLOGOS DA SALVINORINA A
WAGNER BANDEIRA DA SILVA,CENTRO INTEGRADO DE APRENDIZAGEM EM REDE,FINALIZADO E AGUARDANDO PUBLICAÇÃO,PI04234-2019,22/11/2019,22/12/2023,Ciências Sociais Aplicadas,Desenho Industrial,Programação Visual,PROTOCOLO DE IMPLEMENTAÇÃO DE PROJETO DE ACESSIBILIDADE EM INTERFACES GRÁFICAS
ELENA ORTIZ PREUSS,FACULDADE DE LETRAS,FINALIZADO E AGUARDANDO PUBLICAÇÃO,PI04236-2019,01/07/2019,31/08/2023,"Lingüística, Letras e Artes",Lingüística,Psicolingüística,Interação entre funções executivas e desenvolvimento linguístico típico e atípico de L1 e/ou L2.
SUZETE ALMEIDA DE BESSA,UNID.ACAD.ESP/CIENC SOCIAIS APLIC-GOIAS,FINALIZADO E AGUARDANDO PUBLICAÇÃO,PI04241-2019,01/10/2019,29/12/2023,Ciências Sociais Aplicadas,Arquitetura e Urbanismo,Projeto de Arquitetura e Urbanismo,ARQUITETURA RESILIENTE: O papel da arquitetura no campo interdisciplinar do acolhimento da população migrante e refugiada.
THALES DOMINGOS ARANTES,INSTITUTO DE PATOLOGIA TROPICAL E SAÚDE PÚBLICA,FINALIZADO,PI04243-2020,01/02/2020,31/12/2023,Ciências Biológicas,Microbiologia,Biologia e Fisiologia dos Microorganismos,"Caracterização epidemiológica, molecular e filogenética de isolados de Sporothrix spp. e sua resposta ao tratamento antifúngico e a novos compostos bioativos"
GUSTAVO HENRIQUE PETEAN,UNID.ACAD.ESP/CIENC SOCIAIS APLIC-GOIAS,PRORROGAÇÃO PENDENTE PRPI,PI04246-2020,30/03/2020,31/12/2023,Ciências Sociais Aplicadas,Administração,,ACIDENTE E ADOECIMENTO DE TRABALHO NOS FRIGORÍFICOS DO ESTADO DE GOIÁS
JORDAO HORTA NUNES,FACULDADE DE CIÊNCIAS SOCIAIS,FINALIZADO E AGUARDANDO PUBLICAÇÃO,PI04247-2020,01/04/2020,01/09/2023,Ciências Humanas,Sociologia,Outras Sociologias Específicas,"Trabalho, arte e educação"
IDERVAL DA SILVA JUNIOR SOBRINHO,UNID. ACAD. ESP/CIENCIAS BIOLOGICAS-JATAI,FINALIZADO E AGUARDANDO PUBLICAÇÃO,PI04252-2019,02/03/2020,19/12/2023,Ciências Biológicas,Genética,Genética Animal,"Estudo das bases genéticas das adaptações de moscas-das-frutas (Diptera, Tephritidae, Anastrepha) a hospedeiros produtores de fitotoxinas"
ROOSEVELT ALVES DA SILVA,UNID. ACAD. ESP/CIENCIAS EXATAS - JATAI,FINALIZADO E AGUARDANDO PUBLICAÇÃO,PI04282-2020,13/03/2020,28/02/2023,Ciências Exatas e da Terra,Química,Físico-Química,PROSPECÇÃO DE INIBIDORES DA PROTEÍNA NSP1 COM AÇÃO ANTIVIRAL CONTRA BETACORONAVIRUS
ROOSEVELT ALVES DA SILVA,UNID. ACAD. ESP/CIENCIAS EXATAS - JATAI,FINALIZADO E AGUARDANDO PUBLICAÇÃO,PI04285-2020,14/03/2020,28/02/2023,Ciências Exatas e da Terra,Química,Físico-Química,PROSPECÇÃO DE INIBIDORES DA FORMAÇÃO DO DÍMERO DA PROTEÍNA NS1 DOS PRINCIPAIS FLAVIVIRUS
MARA RUBIA MARQUES,INSTITUTO DE CIENCIAS BIOLOGICAS,FINALIZADO E AGUARDANDO PUBLICAÇÃO,PI04294-2020,01/08/2020,21/12/2023,Ciências Biológicas,Morfologia,Histologia,EFEITOS DO EXERCÍCIO FÍSICO RESISTIDO NA QUALIDADE PERIODONTAL DE RATAS IDOSAS OVARIECTOMIZADAS. 
DANIELLE FABIOLA PEREIRA DA SILVA,UNID. ACAD. ESP/CIENCIAS AGRARIAS-JATAI,FINALIZADO E AGUARDANDO PUBLICAÇÃO,PI04308-2020,22/03/2020,31/08/2023,Ciências Agrárias,Agronomia,Fitotecnia,"CARACTERIZAÇÃO MORFOLÓGICA DE FRUTO, ENDOCARPO, SEMENTES E PLÂNTULAS E SUPERAÇÃO DE DORMÊNCIA DE CAJÁ-MANGA"
KENIA ADRIANA DE AQUINO,UAE REJ ESPECIAL DE EDUCAÇÃO,FINALIZADO E AGUARDANDO PUBLICAÇÃO,PI04315-2020,01/04/2020,31/12/2023,Ciências Humanas,Educação,Ensino-Aprendizagem,Os paratextos nos livros infantis e as estratégias de leitura na formação do leitor 
BRENO ALMEIDA SOARES,UNID. ACAD. ESP/CIENCIAS EXATAS - JATAI,FINALIZADO E AGUARDANDO PUBLICAÇÃO,PI04321-2020,01/03/2020,01/02/2023,Ciências Exatas e da Terra,Química,Química Orgânica,PLANEJAMENTO RACIONAL DE NOVOS AGENTES ANTI-ALZHEIMER HÍBRIDOS COM POTENCIAL DE AÇÃO MULTIALVO
JOSE HORTENCIO MOTA,UNID. ACAD. ESP/CIENCIAS AGRARIAS-JATAI,FINALIZADO E AGUARDANDO PUBLICAÇÃO,PI04330-2020,01/03/2020,31/12/2023,Ciências Agrárias,Agronomia,Fitotecnia,Aplicação de doses e fontes de adubos nitrogenados e fosfatados na produção de cultivares de alface americana
PATRICIA DE SA BARROS,INSTITUTO DE PATOLOGIA TROPICAL E SAÚDE PÚBLICA,FINALIZADO E AGUARDANDO PUBLICAÇÃO,PI04353-2020,19/02/2020,30/05/2023,Ciências da Saúde,Fisioterapia e Terapia Ocupacional,,Valores de referência para o teste Timed Up & Go em indivíduos saudáveis de 7 a 18 anos no Brasil: estudo multicêntrico TUGBrasil.
EDUARDO SERGIO DE SOUZA,UNID. ACAD. ESP/FISICA - CATALAO,FINALIZADO E AGUARDANDO PUBLICAÇÃO,PI04386-2020,01/04/2020,01/08/2023,Ciências Exatas e da Terra,Física,Física da Matéria Condensada,Transferência de energia de fluorescência em membranas modelo
GUSTAVO DUARTE PIMENTEL,FACULDADE DE NUTRIÇÃO,FINALIZADO E AGUARDANDO PUBLICAÇÃO,PI04388-2020,01/04/2020,31/12/2023,Ciências da Saúde,Nutrição,Análise Nutricional de População,AVALIAÇÃO DA PREVALÊNCIA DE SARCOPENIA E MÉTODOS DE DIAGNÓSTICO EM PACIENTES EM HEMODIÁLISE DO ESTADO DE GOIÁS
AGUEDA MARIA RUIZ ZIMMER CAVALCANTE,FACULDADE DE ENFERMAGEM,FINALIZADO E AGUARDANDO PUBLICAÇÃO,PI04398-2019,01/10/2019,31/12/2023,Ciências da Saúde,Enfermagem,Enfermagem Médico-Cirúrgica,ACURÁCIA DOS INDICADORES CLÍNICOS DO DIAGNÓSTICO DE ENFERMAGEM CONTROLE INEFICAZ DA SAÚDE EM HIPERTENSOS
DEBORA FERREIRA DA CUNHA,FACULDADE DE CIÊNCIAS SOCIAIS,FINALIZADO E AGUARDANDO PUBLICAÇÃO,PI04399-2020,01/01/2020,31/12/2023,Ciências Sociais Aplicadas,Planejamento Urbano e Regional,,SOLUÇÕES DE FINANCIAMENTO PARA O DESENVOLVIMENTO URBANO-METROPOLITANO
TATIANA GONDIM DO AMARAL,ESCOLA DE ENGENHARIA CIVIL E AMBIENTAL,AGUARDANDO PRORROGAÇÃO COORD. PESQUISA,PI04400-2010,01/01/2010,29/12/2023,Engenharias,Engenharia Civil,Construção Civil,Gestão e tecnologia da produção
ERIN CAPERUTO DE ALMEIDA,UNID. ACAD. ESP/CIENCIAS AGRARIAS-JATAI,FINALIZADO E AGUARDANDO PUBLICAÇÃO,PI04406-2020,01/05/2020,30/04/2023,Ciências Agrárias,Zootecnia,Produção Animal,"RELAÇÃO ENTRE SUBSTITUIÇÃO DE FAVOS ESCUROS, PRODUTIVIDADE E OVIPOSIÇÃO DE ABELHAS RAINHAS (Apis melífera)"
ERIKA MORAIS MARTINS COELHO,INSTITUTO DE INFORMÁTICA,FINALIZADO,PI04411-2020,01/03/2020,01/03/2023,Ciências Exatas e da Terra,Ciência da Computação,Teoria da Computação,CONVEXIDADE EM GRAFOS: Complexidade computacional e caracterizações
CLEITO PEREIRA DOS SANTOS,FACULDADE DE CIÊNCIAS SOCIAIS,FINALIZADO E AGUARDANDO PUBLICAÇÃO,PI04413-2020,04/05/2020,31/10/2023,Ciências Humanas,Sociologia,Outras Sociologias Específicas,"Lazer, Tecnologia e Controle Social: transformações contemporâneas"
ELSON ALVES COSTA,INSTITUTO DE CIENCIAS BIOLOGICAS,FINALIZADO E AGUARDANDO PUBLICAÇÃO,PI04415-2020,01/01/2020,31/12/2023,Ciências Biológicas,Farmacologia,Neuropsicofarmacologia,Avaliação neurofarmacológica em modelos de ansiedade e depressão de derivados piperazínicos com substituinte BHT
LUCIANA CELESTE CARNEIRO,UNID. ACAD. ESP/CIENCIAS AGRARIAS-JATAI,FINALIZADO E AGUARDANDO PUBLICAÇÃO,PI04417-2020,14/04/2020,31/03/2023,Ciências Agrárias,Agronomia,Fitossanidade,CONTROLE QUÍMICO E BIOLÓGICO DO MOFO-BRANCO NA CULTURA DA SOJA
JAQUELINE PEREIRA DE OLIVEIRA VILASBOAS,FACULDADE DE CIÊNCIAS SOCIAIS,FINALIZADO E AGUARDANDO PUBLICAÇÃO,PI04419-2020,01/03/2020,31/03/2023,Ciências Humanas,Sociologia,Outras Sociologias Específicas,Perfil socioeconômico e trajetória escolar dos/as estudantes dos cursos de Licenciatura das Instituições Federias de Educação Superior (IFES) de Goiás
ELSON ALVES COSTA,INSTITUTO DE CIENCIAS BIOLOGICAS,FINALIZADO E AGUARDANDO PUBLICAÇÃO,PI04420-2019,01/08/2019,31/07/2023,Ciências Biológicas,Farmacologia,,Avaliação das atividades antinoceptiva e/ou anti- inflamatória de um composto desenhado a partir do celecoxibe (LQFM-275).
JOSE HUMBERTO DE GOES JUNIOR,UNID.ACAD.ESP/CIENC SOCIAIS APLIC-GOIAS,AGUARDANDO PRORROGAÇÃO COORD. PESQUISA,PI04427-2020,06/04/2020,31/12/2023,Ciências Sociais Aplicadas,Direito,Direitos Especiais,"Massacres no campo na Nova República: crime e impunidade, 1985-2018"
JULIANA CECCATO FERREIRA,UNID. ACAD. ESP/CIENCIAS AGRARIAS-JATAI,FINALIZADO E AGUARDANDO PUBLICAÇÃO,PI04428-2020,01/05/2020,30/06/2023,Ciências Agrárias,Recursos Florestais e Engenharia Florestal,Tecnologia e Utilização de Produtos Florestais,IDENTIFICAÇÃO E APLICAÇÃO DE COMPONENTES QUÍMICOS NATURAIS DE ESPÉCIES ARBÓREAS DE OCORRÊNCIA NO CERRADO
LAURA VILELA RODRIGUES REZENDE,FACULDADE DE INFORMAÇÃO E COMUNICAÇÃO,FINALIZADO E AGUARDANDO PUBLICAÇÃO,PI04432-2020,01/03/2020,31/12/2023,Ciências Sociais Aplicadas,Ciência da Informação,Teoria da Informação,Os caminhos do Brasil rumo à Ciência Aberta  estudos e aplicações
CRISTIANE SOUZA BORZUK,UAE REJ CIÊNCIAS HUMANAS E LETRAS,FINALIZADO E AGUARDANDO PUBLICAÇÃO,PI04447-2020,13/04/2020,01/09/2023,Ciências Humanas,Psicologia,Psicologia Social,Pedofilia e indústria cultural: estudos sobre o ativismo pedófilo em ambiente virtual
ANA PAULA DA SILVA PEREZ,UNID. ACAD. ESP/CIENCIAS DA SAUDE-JATAI,FINALIZADO E AGUARDANDO PUBLICAÇÃO,PI04461-2020,01/05/2020,30/09/2023,Ciências Biológicas,Morfologia,Histologia,Associação entre a exposição pré-natal ao óleo de pequi e ao componente do contraceptivo oral e seus efeitos sobre a morfologia do ovário e da glândula adrenal de gerbilos (Meriones unguiculatus)
BARBARA DE LIMA LUCAS,UNID. ACAD. ESP/CIENCIAS DA SAUDE-JATAI,FINALIZADO E AGUARDANDO PUBLICAÇÃO,PI04468-2020,09/04/2020,30/04/2023,Ciências da Saúde,Medicina,Cirurgia,"Peças humanas naturais, material didático-pedagógico e metodologias de ensino-aprendizagem para anatomia aplicada: Revisão Sistemática da Literatura"
ELENA ORTIZ PREUSS,FACULDADE DE LETRAS,FINALIZADO E AGUARDANDO PUBLICAÇÃO,PI04474-2020,01/03/2020,31/08/2023,"Lingüística, Letras e Artes",Lingüística,Psicolingüística,INTERAÇÃO ENTRE DIFERENÇAS INDIVIDUAIS E INTERVENÇÕES PEDAGÓGICAS NA AQUISIÇÃO DE SEGUNDA LÍNGUA
MARIA ELIDIA TEIXEIRA,UNID. ACAD. ESP/CIENCIAS EXATAS - JATAI,FINALIZADO E AGUARDANDO PUBLICAÇÃO,PI04476-2020,01/06/2020,31/08/2023,Ciências Humanas,Educação,,POTENCIALIDADES E LIMITAÇÕES DE PROJETOS DE FORMAÇÃO CONTINUADA PARA PROFESSORES DA EDUCAÇÃO BÁSICA ESTRUTURADOS NA PARCERIA UNIVERSIDADE-ESCOLA 
VIVIANE BARROS MACIEL,UAE REJ ESPECIAL DE EDUCAÇÃO,FINALIZADO E AGUARDANDO PUBLICAÇÃO,PI04477-2020,01/08/2020,31/08/2023,Ciências Humanas,Educação,,"""Matemáticas para Ensinar"" nos primeiros anos escolares"
DENIS CASTILHO,INSTITUTO DE ESTUDOS SÓCIO-AMBIENTAIS,FINALIZADO E AGUARDANDO PUBLICAÇÃO,PI04497-2020,28/07/2020,30/07/2023,Ciências Humanas,Geografia,Geografia Humana,Ruralidades e sinergias na Região Metropolitana de Goiânia (RMG) no século XXI
ANA LUCIA QUEIROZ BEZERRA,PROGRAMA DE PÓS-GRADUAÇÃO EM ENFERMAGEM,FINALIZADO E AGUARDANDO PUBLICAÇÃO,PI04505-2019,08/08/2019,31/12/2023,Ciências da Saúde,Enfermagem,Enfermagem de Saúde Pública,PROCESSO EDUCATIVO DOS PROFISSIONAIS DE SAÚDE PARA O ENVOLVIMENTO DO PACIENTE NO CUIDADO SEGURO
RENATA DE OLIVEIRA DIAS,INSTITUTO DE CIENCIAS BIOLOGICAS,FINALIZADO E AGUARDANDO PUBLICAÇÃO,PI04511-2020,19/04/2020,31/12/2023,Ciências Biológicas,Biologia Geral,,Os insetos como recursos didáticos para o ensino de Ciências
CARLOS GALVAO PINHEIRO JUNIOR,"ESCOLA DE ENGENHARIA ELÉTRICA, MECÂNICA E DE COMPUTAÇÃO",FINALIZADO E AGUARDANDO PUBLICAÇÃO,PI04515-2020,01/04/2020,30/09/2023,Engenharias,Engenharia Biomédica,Engenharia Médica,Engenharia de Tecnologias Assistivas
FLAVIO ALVES DA SILVA,ESCOLA DE AGRONOMIA,FINALIZADO E AGUARDANDO PUBLICAÇÃO,PI04519-2020,01/03/2020,30/06/2023,Ciências Agrárias,Ciência e Tecnologia de Alimentos,Ciência de Alimentos,APROVEITAMENTO INTEGRAL DOS RESÍDUOS DE JABUTICABA: EXTRAÇÃO E CARACTERIZAÇÃO DE COMPOSTOS
FERNANDA DE PAULA FERREIRA MOI,UNID.ACAD.ESP/CIENC SOCIAIS APLIC-GOIAS,AGUARDANDO PRORROGAÇÃO DIREÇÃO,PI04524-2020,20/04/2020,31/12/2023,Ciências Sociais Aplicadas,Direito,Direito Privado,"OS IMPACTOS SÓCIO-ECONÔMICOS DO INSTITUTO DA RECUPERAÇÃO JUDICIAL NO MERCADO BRASILEIRO, EM ESPECIAL NO MERCADO GOIANO: uma análise à luz do Princípio da Função Social da Empresa"
ALEX FABIANNE DE PAULO,FACULDADE DE INFORMAÇÃO E COMUNICAÇÃO,FINALIZADO E AGUARDANDO PUBLICAÇÃO,PI04525-2020,28/07/2020,31/12/2023,Ciências Sociais Aplicadas,Ciência da Informação,Biblioteconomia,Identificação de redes de cooperação e rotas sobre a produção de C&T: um estudo aplicado às universidades do estado de Goiás
FERNANDA DE PAULA FERREIRA MOI,UNID.ACAD.ESP/CIENC SOCIAIS APLIC-GOIAS,AGUARDANDO PRORROGAÇÃO DIREÇÃO,PI04526-2020,20/04/2020,31/12/2023,Ciências Sociais Aplicadas,Direito,Direito Público,"A MEMÓRIA, A HISTÓRIA, O ESQUECIMENTO E A NECESSIDADE DE POLÍTICAS PÚBLICAS PARA A PROTEÇÃO DOS DIREITOS HUMANOS: a necessidade de um não à banalidade do mal mediante analise de casos concretos processados e julgados perante Tribunais Internacionais"
LUCAS FELICIO COSTA,FACULDADE DE ARTES VISUAIS,FINALIZADO E AGUARDANDO PUBLICAÇÃO,PI04530-2019,25/11/2019,25/11/2023,Ciências Sociais Aplicadas,Arquitetura e Urbanismo,Fundamentos de Arquitetura e Urbanismo,COLÔNIAS AGRÍCOLAS: TRAJETÓRIAS ESPACIAIS POR DISCURSOS E NARRATIVAS
CLEONICE BORGES DE SOUZA,PRÓ-REITORIA DE PESQUISA E INOVAÇÃO,FINALIZADO E AGUARDANDO PUBLICAÇÃO,PI04537-2020,01/08/2020,31/12/2023,Ciências Agrárias,Agronomia,Extensão Rural,"Inovação na redução de perdas de alimentos e soluções tecnológicas para o tratamento de resíduos sólidos, sob a perspectiva da Economia Circular"
FLAVIA PEREIRA LIMA,CENTRO DE ENSINO E PESQUISA APLICADA A EDUCACAO,FINALIZADO E AGUARDANDO PUBLICAÇÃO,PI04543-2020,20/04/2020,30/12/2023,Ciências Humanas,Educação,Ensino-Aprendizagem,ENSINO DE CIÊNCIAS SOB INVESTIGAÇÃO: UMA ANÁLISE DAS METODOLOGIAS ATIVAS EMPREGADAS NO ENSINO DE CIÊNCIAS DOS ANOS INICIAIS
LUCIANA CANDIDA DA SILVA,FACULDADE DE INFORMAÇÃO E COMUNICAÇÃO,FINALIZADO E AGUARDANDO PUBLICAÇÃO,PI04544-2020,01/04/2020,31/08/2023,Ciências Sociais Aplicadas,Ciência da Informação,Biblioteconomia,"Levantamento histórico, cultural e profissional de máquinas gráficas e criação do acervo digital do Ateliê Tipográfico da UFG "
WALDEMAR NAVES DO AMARAL,FACULDADE DE MEDICINA,FINALIZADO E AGUARDANDO PUBLICAÇÃO,PI04547-2020,05/01/2020,31/12/2023,Ciências Biológicas,Microbiologia,,STREPTOCOCCUS AGALACTIAE: TRANSMISSÃO VERTICAL E EPIDEMIOLOGIA MOLECULAR 
VIRGILIO MOREIRA RORIZ,FACULDADE DE ODONTOLOGIA,FINALIZADO E AGUARDANDO PUBLICAÇÃO,PI04552-2020,01/08/2020,31/08/2023,Ciências da Saúde,Odontologia,,AVALIAÇÃO CLÍNICA E TERMOGRAFICA DE ALVÉOLOS DE TERCEIROS MOLARES APÓS EXTRAÇÃO QUE RECEBERAM LASERTERAPIA
ERIN CAPERUTO DE ALMEIDA,UNID. ACAD. ESP/CIENCIAS AGRARIAS-JATAI,FINALIZADO E AGUARDANDO PUBLICAÇÃO,PI04554-2020,15/06/2020,14/06/2023,Ciências Agrárias,Zootecnia,Produção Animal,ESTUDO DO COMPORTAMENTO DE CHINCHILAS EM CRIATÓRIO COMERCIAL COMO FERRAMENTA PARA O BEM ESTAR
CRISTIANA MARIA TOSCANO,INSTITUTO DE PATOLOGIA TROPICAL E SAÚDE PÚBLICA,FINALIZADO E AGUARDANDO PUBLICAÇÃO,PI04581-2020,19/06/2020,29/12/2023,Ciências da Saúde,Saúde Coletiva,,Modelagem da dinâmica de transmissão do SARS-CoV-2 no Brasil: Ciência em tempo real para subsidiar gestores na tomada de decisão baseada em evidências
ANTONIO CARLOS LUPERNI HORTA,INSTITUTO DE QUÍMICA,FINALIZADO E AGUARDANDO PUBLICAÇÃO,PI0458-2012,23/01/2012,20/12/2023,Engenharias,Engenharia Química,Processos Industriais de Engenharia Química,"Modelagem, Simulação e Controle de Processos"
SIMERIO CARLOS SILVA CRUZ,UNID. ACAD. ESP/CIENCIAS AGRARIAS-JATAI,FINALIZADO E AGUARDANDO PUBLICAÇÃO,PI0460-2015,02/03/2015,31/07/2023,Ciências Agrárias,Agronomia,Ciência do Solo,DOSES DE GESSO E FÓSFORO NA SUCESSÃO SOJA/MILHO SAFRINHA
MARCELO FOUAD RABAHI,FACULDADE DE MEDICINA,AGUARDANDO CEP/CEUA/CBIO,PI04608-2020,01/06/2020,05/12/2023,Ciências da Saúde,Medicina,,"Avaliação da radiografia de tórax através de Machine learning, como um novo instrumento para identificação precoce da Tuberculose Pulmonar  Programa XmarTB"
ANDRE CARLOS SILVA,UAE - DE ENGENHARIA - CATALÃO,FINALIZADO E AGUARDANDO PUBLICAÇÃO,PI04613-2020,15/05/2020,30/04/2023,Engenharias,Engenharia de Materiais e Metalúrgica,Materiais Não-Metálicos,APLICAÇÃO DE CINZAS DE INCINERAÇÃO EM BASES CIMENTÍCIAS
VIRGINIA VISCONDE BRASIL,FACULDADE DE ENFERMAGEM,FINALIZADO E AGUARDANDO PUBLICAÇÃO,PI04615-2019,01/07/2019,30/04/2023,Ciências da Saúde,Enfermagem,Enfermagem Médico-Cirúrgica,Letramento em saúde de pacientes em diálise peritoneal domiciliar e de seus cuidadores.
BRENO TENORIO RAMALHO DE ABREU,FACULDADE DE ARTES VISUAIS,FINALIZADO E AGUARDANDO PUBLICAÇÃO,PI04627-2020,19/05/2020,19/05/2023,Ciências Sociais Aplicadas,Desenho Industrial,Desenho de Produto,"Re_print: estamparia, tingimento e práticas sustentáveis"
ADRIANA ARAUJO CINTRA,UNID. ACAD. ESP/CIENCIAS EXATAS - JATAI,FINALIZADO E AGUARDANDO PUBLICAÇÃO,PI04679-2020,01/06/2020,30/07/2023,Ciências Exatas e da Terra,Matemática,Geometria e Topologia,Estudos sobre superfícies mínimas
NAIDA CRISTINA BORGES,ESCOLA DE VETERINÁRIA E ZOOTECNIA,FINALIZADO E AGUARDANDO PUBLICAÇÃO,PI04691-2020,16/03/2020,29/12/2023,Ciências Agrárias,Medicina Veterinária,Clínica e Cirurgia Animal,"Descrição anatômica e radiográfica das articulações escapuloumeral e umerorradioulnar de Tamanduá-bandeira (Myrmecophaga tridactyla-Linnaeus, 1758)"
HANSTTER HALLISON ALVES REZENDE,UNID. ACAD. ESP/CIENCIAS DA SAUDE-JATAI,FINALIZADO E AGUARDANDO PUBLICAÇÃO,PI04697-2020,01/08/2020,31/08/2023,Ciências da Saúde,Medicina,,AVALIAÇÃO DA NITAZOXANIDA NO TRATAMENTO DA NEUROTOXOPLASMOSE EXPERIMENTAL POR DIFERENTES GENÓTIPOS
BRUNO FRANCESCHINI,UNID. ACAD. ESP/LETRAS E LINGUISTICA - CATALAO,FINALIZADO E AGUARDANDO PUBLICAÇÃO,PI0473-2017,23/03/2021,30/08/2023,"Lingüística, Letras e Artes",Lingüística,Teoria e Análise Lingüística,Cartografias do Discurso: as práticas de confissão e os dispositivos nos discursos dos homens infames
LUANA ZANOTTO,FACULDADE DE EDUCAÇÃO FISICA E DANÇA,FINALIZADO E AGUARDANDO PUBLICAÇÃO,PI04734-2020,15/06/2020,31/12/2023,Ciências da Saúde,Educação Física,,A EDUCAÇÃO FÍSICA NA EDUCAÇÃO INFANTIL NO MUNICÍPIO DE GOIÂNIA-GO: ANÁLISES E PROPOSITIVAS
DEISE NANCI DE CASTRO MESQUITA,CENTRO DE ENSINO E PESQUISA APLICADA A EDUCACAO,FINALIZADO E AGUARDANDO PUBLICAÇÃO,PI04760-2020,01/09/2020,31/12/2023,"Lingüística, Letras e Artes",Letras,Língua Portuguesa,Imagem da Vida em Transição
ROXANA ISABEL CARDOZO GONZALES,FACULDADE DE ENFERMAGEM,FINALIZADO E AGUARDANDO PUBLICAÇÃO,PI04796-2020,01/07/2020,23/06/2023,Ciências da Saúde,Saúde Coletiva,Saúde Pública,APOIO INSTITUCIONAL E A DETECÇÃO DE CASOS DE TUBERCULOSE NO BRASIL
DENILSON TEIXEIRA,ESCOLA DE ENGENHARIA CIVIL E AMBIENTAL,AGUARDANDO PRORROGAÇÃO DIREÇÃO,PI04805-2020,10/10/2020,30/09/2023,Outras,Multidisciplinar,,Desempenho de ferramentas digitais nos procedimentos de elaboração da pesquisa: o caso do software Idea Puzzle
HANSTTER HALLISON ALVES REZENDE,UNID. ACAD. ESP/CIENCIAS DA SAUDE-JATAI,FINALIZADO E AGUARDANDO PUBLICAÇÃO,PI04841-2020,01/11/2020,30/11/2023,Ciências da Saúde,Farmácia,,ESTUDO DA EFICIÊNCIA DO EXTRATO ETANÓLICO E ÓLEO ESSENCIAL DE Siparuna guianensis E &#945;-BISABOLOL NO TRATAMENTO DA NEUROTOXOPLASMOSE EXPERIMENTAL
MERCIA PANDOLFO PROVIN,FACULDADE DE FARMÁCIA,FINALIZADO E AGUARDANDO PUBLICAÇÃO,PI04877-2018,12/03/2018,11/03/2023,Ciências da Saúde,Farmácia,,Desenvolvimento de um modelo de dispensação de medicamentos para melhorar o grau de adesão em pacientes psiquiátricos
ANGELA FERREIRA LOPES,FACULDADE DE FARMÁCIA,FINALIZADO E AGUARDANDO PUBLICAÇÃO,PI04899-2020,01/10/2020,31/08/2023,Ciências da Saúde,Farmácia,,Atuação profissional na Oncologia Veterinária
CLAUDIO RODRIGUES LELES,FACULDADE DE ODONTOLOGIA,FINALIZADO E AGUARDANDO PUBLICAÇÃO,PI04906-2021,01/01/2021,01/09/2023,Ciências da Saúde,Odontologia,Clínica Odontológica,Overdenture mandibular estabilizada com um único implante na região canina do lado preferencial de mastigação: um estudo piloto de viabilidade
VERA LUCIA BANYS,UNID. ACAD. ESP/CIENCIAS AGRARIAS-JATAI,FINALIZADO E AGUARDANDO PUBLICAÇÃO,PI04908-2020,01/10/2020,31/07/2023,Ciências Agrárias,Zootecnia,Pastagem e Forragicultura,PRODUÇÃO DE MASSA E NUTRIENTES DE DUAS BRAQUIÁRIAS NO CERRADO SOB DIFERENTES DOSES DE NITROGÊNIO
DANIELI BROLO MARTINS,ESCOLA DE VETERINÁRIA E ZOOTECNIA,FINALIZADO E AGUARDANDO PUBLICAÇÃO,PI04910-2020,01/03/2020,01/12/2023,Ciências Agrárias,Medicina Veterinária,Patologia Animal,PROTEINOGRAMA DE FRANGOS DE CORTE ALIMENTADOS COM DIETAS CONTENDO MICOTOXINAS E ADSORVENTE
MARCELO SILVA FREITAS,UNID. ACAD. ESP/CIENCIAS EXATAS - JATAI,FINALIZADO E AGUARDANDO PUBLICAÇÃO,PI04925-2020,01/12/2020,30/12/2023,Ciências Exatas e da Terra,Ciência da Computação,Sistemas de Computação,Novos Protocolos para Aumentar a Programabilidade e Flexibilidade do Plano de Dados de Redes Definidas por Software
ANDRE CARLOS SILVA,UAE - DE ENGENHARIA - CATALÃO,FINALIZADO E AGUARDANDO PUBLICAÇÃO,PI04933-2020,09/12/2020,31/12/2023,Engenharias,Engenharia de Minas,Tratamento de Minérios,"Aplicação do Sorgo (farinha, amido e misturas) na flotação de minerais"
CAIO MARCIO DE OLIVEIRA MONTEIRO,INSTITUTO DE PATOLOGIA TROPICAL E SAÚDE PÚBLICA,FINALIZADO,PI04949-2020,01/10/2020,30/08/2023,Ciências Agrárias,Medicina Veterinária,Medicina Veterinária Preventiva,Comparação da eficácia de formulação carrapaticida aplicada em diferentes sistemas de pulverização para controle de Rhipicephalus microplus
PATRICIA TAVARES DOS SANTOS,FACULDADE DE ENFERMAGEM,AGUARDANDO CEP/CEUA/CBIO,PI04982-2021,01/02/2021,31/12/2023,Ciências da Saúde,Saúde Coletiva,,Avaliação do impacto da formação dos profissionais de saúde no estado de Goiás: um enfoque na integralidade.
SAULO DE OLIVEIRA PINTO COELHO,FACULDADE DE DIREITO,PRORROGAÇÃO PENDENTE PRPI,PI05011-2021,01/03/2021,28/02/2023,Ciências Sociais Aplicadas,Direito,Direito Público,Desenvolvimento da articulação nacional entre poderes e esferas de governo para maior efetividade das políticas públicas de educação no Brasil: construindo subsídios para a experiência de implantação dialogal do GAEPE Brasil a partir de pesquisa-ação
PAULO CESAR TIMOSSI,UNID. ACAD. ESP/CIENCIAS AGRARIAS-JATAI,FINALIZADO E AGUARDANDO PUBLICAÇÃO,PI0503-2015,02/03/2015,31/10/2023,Ciências Agrárias,Agronomia,Fitotecnia,MANEJO INTEGRADO DE PLANTAS DANINHAS EM SISTEMAS DE PRODUÇÃO AGRÍCOLA
MARINA PACHECO MIGUEL,INSTITUTO DE PATOLOGIA TROPICAL E SAÚDE PÚBLICA,FINALIZADO E AGUARDANDO PUBLICAÇÃO,PI05053-2020,01/03/2020,31/12/2023,Ciências Agrárias,Medicina Veterinária,Clínica e Cirurgia Animal,"CARACTERÍSTICAS CLÍNICAS, CITOMORFOLÓGICAS E MICROBIOLÓGICAS DAS CERATITES ULCERATIVAS EM CÃES NA REGIÃO DE GOIÂNIA, GOIÁS"
REJANE FARIA RIBEIRO ROTTA,SECRETARIA DE RELAÇÕES INTERNACIONAIS,FINALIZADO E AGUARDANDO PUBLICAÇÃO,PI0506-2017,27/03/2017,31/12/2023,Ciências da Saúde,Odontologia,Clínica Odontológica,Validação de um modelo informacional para uso na atenção primária com vistas ao registro eletrônico multiprofissional: pesquisa-ação associada ao método Delphi
MARIZE CAMPOS VALADARES,FACULDADE DE FARMÁCIA,FINALIZADO E AGUARDANDO PUBLICAÇÃO,PI0507-2017,28/03/2017,31/12/2023,Ciências da Saúde,Farmácia,Análise Toxicológica,Modelos organotípicos 3D de córnea humana para a investigação de toxicidade ocular de diferentes toxicantes
FABIANA RIBEIRO SANTANA,INSTITUTO DE PATOLOGIA TROPICAL E SAÚDE PÚBLICA,FINALIZADO E AGUARDANDO PUBLICAÇÃO,PI05077-2021,01/01/2021,31/12/2023,Ciências da Saúde,Saúde Coletiva,Saúde Pública,DETERMINANTES SOCIAIS DA SAÚDE E QUALIDADE DE VIDA DE COMUNIDADES REMANESCENTES DE QUILOMBOS DO ESTADO DE GOIÁS: UMA PESQUISA-AÇÃO
MARCO AUGUSTO MACHADO SILVA,ESCOLA DE VETERINÁRIA E ZOOTECNIA,FINALIZADO E AGUARDANDO PUBLICAÇÃO,PI05078-2020,19/03/2020,28/02/2023,Ciências Agrárias,Medicina Veterinária,Clínica e Cirurgia Animal,PIOMETRA CANINA: COMPARAÇÃO DAS ABORDAGENS CIRÚRGICAS MINIMAMENTE INVASIVA POR LESS E CONVENCIONAL
CARLOS ANTONIO RIBEIRO DUARTE,UAE - DE ENGENHARIA - CATALÃO,FINALIZADO E AGUARDANDO PUBLICAÇÃO,PI05081-2021,01/03/2021,31/12/2023,Engenharias,Engenharia de Produção,Engenharia do Produto,DESENVOLVIMENTO DE UM APLICATIVO COLABORATIVO PARA COMPARTILHAMENTO DE PREÇOS DE PRODUTOS DE SUPERMERCADOS UTILIZANDO FLUTTER E DART
CARLOS ANTONIO RIBEIRO DUARTE,UAE - DE ENGENHARIA - CATALÃO,FINALIZADO E AGUARDANDO PUBLICAÇÃO,PI05082-2021,01/03/2021,31/12/2023,Engenharias,Engenharia de Produção,Engenharia do Produto,DESENVOLVIMENTO DE UM APLICATIVO PARA FACILITAR O ACESSO ÀS INFORMAÇÕES INSTITUCIONAIS  E MELHORAR A SEGURANÇA DA UNIVERSIDADE FEDERAL DE CATALÃO
ANA MARIA ALONSO KRISCHKE,FACULDADE DE EDUCAÇÃO FISICA E DANÇA,FINALIZADO E AGUARDANDO PUBLICAÇÃO,PI05091-2021,16/03/2021,20/12/2023,"Lingüística, Letras e Artes",Artes,Dança,"PEDAGOGIROS: transfigurando sentidos, corpos e territórios em dança"
JOFFRE REZENDE FILHO,FACULDADE DE MEDICINA,FINALIZADO E AGUARDANDO PUBLICAÇÃO,PI05092-2021,01/01/2021,31/12/2023,Ciências da Saúde,Medicina,Clínica Médica,Avaliação das  comorbidades em pacientes com megaesôfago chagásico 
HELIO GALDINO JUNIOR,FACULDADE DE ENFERMAGEM,FINALIZADO E AGUARDANDO PUBLICAÇÃO,PI05106-2021,03/03/2021,15/12/2023,Ciências da Saúde,Enfermagem,,ANÁLISE DA ASSISTÊNCIA À SAÚDE DA POPULAÇÃO LGBTQ+ NO QUE TANGE DIREITOS ESTABELECIDOS NA POLÍTICA NACIONAL DE SAÚDE INTEGRAL DESSA POPULAÇÃO E A FORMAÇÃO PROFISSIONAL.
MONICA RODRIGUES FERREIRA MACHADO,UNID. ACAD. ESP/CIENCIAS BIOLOGICAS-JATAI,FINALIZADO E AGUARDANDO PUBLICAÇÃO,PI05136-2020,01/01/2020,31/12/2023,Ciências Biológicas,Fisiologia,Fisiologia Comparada,Projeto Piracanjuba Livre  Paranaíba vivo 
MARA RUBIA NUNES CELES,INSTITUTO DE PATOLOGIA TROPICAL E SAÚDE PÚBLICA,FINALIZADO E AGUARDANDO PUBLICAÇÃO,PI05142-2019,01/09/2019,31/05/2023,Ciências da Saúde,Medicina,Anatomia Patológica e Patologia Clínica,Efeitos da curcumina sobre a expressão dos componentes da via de sinalização mTOR e na polarização de macrófagos na sepse experimental.
RONALDO MARTINS DA COSTA,INSTITUTO DE INFORMÁTICA,FINALIZADO E AGUARDANDO PUBLICAÇÃO,PI05143-2019,01/08/2019,05/09/2023,Ciências Exatas e da Terra,Ciência da Computação,Metodologia e Técnicas da Computação,DEEPCARDIO VET - ANÁLISE DE BATIMENTOS CARDÍACOS DE CÃES PARA DETECÇÃO DE DOENÇAS CARDIOVASCULARES UTILIZANDO REDES NEURAIS PROFUNDAS
WAGNER GOUVEA DOS SANTOS,UNID. ACAD. ESP/CIENCIAS DA SAUDE-JATAI,FINALIZADO E AGUARDANDO PUBLICAÇÃO,PI05145-2021,04/01/2021,31/12/2023,Ciências Biológicas,Genética,Genética Humana e Médica,Polimorfismos nos genes da enzima conversora de angiotensina 2 (ECA2) e TMPRSS2 e susceptibilidade a COVID-19
CRISNICAW VERISSIMO,FACULDADE DE ODONTOLOGIA,FINALIZADO E AGUARDANDO PUBLICAÇÃO,PI05147-2019,03/03/2019,03/03/2023,Ciências da Saúde,Odontologia,Materiais Odontológicos,INFLUÊNCIA DO VOLUME PULPAR DO INCISIVO CENTRAL NAS TENSÕES GERADAS DURANTE IMPACTO: ANÁLISE POR ELEMENTOS FINITOS 3D
CAMILA CARDOSO CAIXETA,FACULDADE DE ENFERMAGEM,PRORROGAÇÃO PENDENTE PRPI,PI05149-2021,17/03/2021,30/11/2023,Ciências da Saúde,Enfermagem,Enfermagem Psiquiátrica,GESTÃO AUTÔNOMA DA MEDICAÇÃO PARA ESTUDANTES DE GRADUAÇÃO EM ENFERMAGEM
MARIELA CORDEIRO DE CASTRO,UNID. ACAD. ESP/BIOTECNOLOGIA - CATALAO,FINALIZADO E AGUARDANDO PUBLICAÇÃO,PI05159-2021,01/02/2021,31/12/2023,Ciências Biológicas,Zoologia,Morfologia dos Grupos Recentes,Canídeos brasileiros em um mundo antropizado: partição de nicho a partir da análise de elementos finitos
EDER MENDES DE PAULA,UAE REJ CIÊNCIAS HUMANAS E LETRAS,FINALIZADO E AGUARDANDO PUBLICAÇÃO,PI05181-2021,01/07/2021,31/12/2023,Ciências Humanas,História,História das Ciências,Como Educar no Novo Homem? Perspectivas da Revista Educação e Saúde (1937-1962)
EDER MENDES DE PAULA,UAE REJ CIÊNCIAS HUMANAS E LETRAS,FINALIZADO E AGUARDANDO PUBLICAÇÃO,PI05182-2021,01/07/2021,31/12/2023,Ciências Humanas,História,História das Ciências,Febrônio Índio do Brasil: Narrativas da Loucura
RODRIGO MELLO GOMES,INSTITUTO DE CIENCIAS BIOLOGICAS,PRORROGAÇÃO PENDENTE PRPI,PI05184-2021,24/03/2021,30/11/2023,Ciências Biológicas,Fisiologia,Fisiologia de Órgãos e Sistemas,ALTERAÇÕES CARDIOMETABÓLICAS EM RATOS SUBMETIDOS AO DESMAME PRECOCE FARMACOLÓGICO INDUZIDO POR BROMOCRIPTINA
TANIA APARECIDA PINTO DE CASTRO FERREIRA,FACULDADE DE NUTRIÇÃO,AGUARDANDO PRORROGAÇÃO COORD. PESQUISA,PI05190-2020,18/03/2020,31/12/2023,Ciências Agrárias,Ciência e Tecnologia de Alimentos,Ciência de Alimentos,FORTALECIMENTO DO BANCO DE ALIMENTOS COMO ESTRATÉGIA CONTRA O DESPERDÍCIO E INSEGURANÇA ALIMENTAR E NUTRICIONAL EM COMUNIDADES EM SITUAÇÃO DE VULNERABILIDADE SOCIAL
VICTOR REZENDE MOREIRA COUTO,ESCOLA DE VETERINÁRIA E ZOOTECNIA,FINALIZADO E AGUARDANDO PUBLICAÇÃO,PI05191-2021,01/03/2021,31/08/2023,Ciências Agrárias,Zootecnia,Nutrição e Alimentação Animal,Utilização de probiótico (Bacillus toyonensis) na suplementação de bovinos F1 Angus × Nelore da desmama ao abate
LORENA RAMOS FREITAS DE SOUSA,UNID. ACAD. ESP/QUIMICA - CATALAO,FINALIZADO E AGUARDANDO PUBLICAÇÃO,PI05206-2021,26/03/2021,30/04/2023,Ciências Exatas e da Terra,Química,Química Orgânica,"Descoberta de inibidores de Plasmodium falciparum a partir de plantas do Cerrado como candidatos a compostos líderes para a malária: Estudos integrados de cromatografia de ultra eficiência, espectroscopia e ensaios biológicos"
TANIA MAIA BARCELOS,UNID. ACAD. ESP/BIOTECNOLOGIA - CATALAO,FINALIZADO E AGUARDANDO PUBLICAÇÃO,PI05218-2021,05/04/2021,31/12/2023,Ciências Humanas,Psicologia,Psicologia Social,Produção de subjetividade e Cultura
VIRGINIA OLIVEIRA CHAGAS,UNID. ACAD. ESP/CIENCIAS DA SAUDE-JATAI,FINALIZADO E AGUARDANDO PUBLICAÇÃO,PI05224-2021,05/07/2021,05/07/2023,Ciências da Saúde,Saúde Coletiva,Saúde Pública,FATORES ASSOCIADOS À ESPIRITUALIDADE E RELIGIOSIDADE EM IDOSOS DA COMUNIDADE: REVISÃO INTEGRATIVA DE LITERATURA
HUMBERTO JOSE LONGO,INSTITUTO DE INFORMÁTICA,FINALIZADO E AGUARDANDO PUBLICAÇÃO,PI05233-2021,01/01/2021,31/12/2023,Engenharias,Engenharia de Produção,Pesquisa Operacional,"Desenvolvimento de algoritmo branch-and-price para o MKP, com uso de GPUs para resolver o subproblema de pricing"
ANDRESSA RODRIGUES LOPES,UNID. ACAD. ESP/CIENCIAS DA SAUDE-JATAI,FINALIZADO E AGUARDANDO PUBLICAÇÃO,PI05236-2021,01/05/2021,31/12/2023,Ciências da Saúde,Saúde Coletiva,,"ANÁLISE FÍSICO-QUÍMICA, MICROBIOLÓGICA, PARASITOLÓGICA E MOLECULAR DAS ÁGUAS DAS DEPENDÊNCIAS DA REGIONAL DE JATAÍ DE ABASTECIMENTO "
CAMILO VLADIMIR DE LIMA AMARAL,FACULDADE DE ARTES VISUAIS,FINALIZADO E AGUARDANDO PUBLICAÇÃO,PI05240-2021,25/02/2021,29/12/2023,Ciências Sociais Aplicadas,Arquitetura e Urbanismo,Projeto de Arquitetura e Urbanismo,"A Produção do Projeto: Ferramentas, sociologia e pesquisa crítica em processos de arquitetura e urbanismo"
LUCILENE ARILHO RIBEIRO BICUDO,INSTITUTO DE CIENCIAS BIOLOGICAS,AGUARDANDO CEP/CEUA/CBIO,PI05252-2021,19/03/2021,31/01/2023,Ciências Biológicas,Genética,Genética Humana e Médica,Perfil genético do sistema histo-sanguineo do hospedeiro e resposta a infecção pelo SARS-CoV-2
JONATHAS XAVIER PEREIRA,INSTITUTO DE PATOLOGIA TROPICAL E SAÚDE PÚBLICA,FINALIZADO E AGUARDANDO PUBLICAÇÃO,PI05261-2019,01/05/2019,31/12/2023,Ciências Biológicas,Biologia Geral,,O Papel de Glicosaminoglicanos no Melanoma modulado por INF-&#947;
MARCOS WAGNER DE SOUZA RIBEIRO,UNID. ACAD. ESP/CIENCIAS EXATAS - JATAI,FINALIZADO E AGUARDANDO PUBLICAÇÃO,PI05265-2021,01/06/2021,01/09/2023,Ciências Exatas e da Terra,Ciência da Computação,Metodologia e Técnicas da Computação,O uso de Inteligência Artificial na construção de ambientes virtuais com NPC's engajados
FLAVIO GOMES DE MORAES,UNID. ACAD. ESP/CIENCIAS EXATAS - JATAI,FINALIZADO E AGUARDANDO PUBLICAÇÃO,PI05267-2021,01/03/2021,31/12/2023,Ciências Exatas e da Terra,Matemática,,EDUCAÇÃO FINANCEIRA
ROOSEVELT ALVES DA SILVA,UNID. ACAD. ESP/CIENCIAS EXATAS - JATAI,FINALIZADO E AGUARDANDO PUBLICAÇÃO,PI05271-2021,15/04/2021,14/04/2023,Ciências Biológicas,Biofísica,,PROSPECÇÃO DE NOVOS INIBIDORES DE INTEGRINA ALFA4_BETA1 COMO POTENCIAL TRATAMENTO DA ESCLEROSE MÚLTIPLA
MARCOS WAGNER DE SOUZA RIBEIRO,UNID. ACAD. ESP/CIENCIAS EXATAS - JATAI,FINALIZADO E AGUARDANDO PUBLICAÇÃO,PI05275-2021,01/06/2021,01/09/2023,Ciências Exatas e da Terra,Ciência da Computação,Metodologia e Técnicas da Computação,O uso de Mineração de Dados e Big Data na implantação de um sistema de BI em uma Universidade Federal
EDER MENDES DE PAULA,UAE REJ CIÊNCIAS HUMANAS E LETRAS,FINALIZADO E AGUARDANDO PUBLICAÇÃO,PI05276-2021,01/07/2021,31/12/2023,Ciências Humanas,História,História das Ciências,A Loucura em Imagens: Registro de Fotos do Manicômio Adauto Botelho em Goiânia
MAURICIO JOSE ALVES BOLZAM,UNID. ACAD. ESP/CIENCIAS EXATAS - JATAI,FINALIZADO E AGUARDANDO PUBLICAÇÃO,PI05283-2021,01/04/2021,31/03/2023,Ciências Exatas e da Terra,Geociências,Geofísica,Análise Estatística da Climatologia das Bolhas Ionosféricas Sob o Centro-Oeste Brasileiro
ALEXANDRE ANTONIO ALONSO,INSTITUTO DE CIENCIAS BIOLOGICAS,FINALIZADO E AGUARDANDO PUBLICAÇÃO,PI0529-2014,22/08/2014,31/12/2023,Ciências Biológicas,Botânica,Morfologia Vegetal,"ANATOMIA, HISTOQUÍMICA, E FITOQUÍMICA DE ÓRGÃOS VEGETATIVOS DE ESPÉCIES DE CROTON L., MANIHOT MILL. E SAPIUM JACQ. (EUPHORBIACEAE) DE SAVANA DE GOIÁS"
EWERSON JACOBINI LOTTE,UNID. ACAD. ESP/CIENCIAS DA SAUDE-JATAI,FINALIZADO E AGUARDANDO PUBLICAÇÃO,PI05294-2021,19/04/2021,31/08/2023,Ciências da Saúde,Medicina,Clínica Médica,"PERCEPÇÕES E ATITUDES DOS PROFISSIONAIS DA SAÚDE SOBRE ESPIRITUALIDADE, FONTES GERADORAS DE ESTRESSE E PACIENTES COM EXPERIÊNCIA QUASE MORTE: REVISÃO DA LITERATURA"
CARLA SILVA SIQUEIRA,UNID. ACAD. ESP/CIENCIAS DA SAUDE-JATAI,FINALIZADO E AGUARDANDO PUBLICAÇÃO,PI05301-2021,22/02/2021,31/08/2023,Ciências da Saúde,Medicina,Anatomia Patológica e Patologia Clínica,"ANÁLISE RETROSPECTIVA DOS CASOS RECEBIDOS POR UM LABORATÓRIO DE ANATOMIA PATOLÓGICA NO MUNICÍPIO DE JATAÍ, GOIÁS "
ARIDIANE ALVES RIBEIRO,UNID. ACAD. ESP/CIENCIAS DA SAUDE-JATAI,FINALIZADO E AGUARDANDO PUBLICAÇÃO,PI05303-2021,18/04/2021,31/12/2023,Ciências da Saúde,Saúde Coletiva,,"AGRONEGÓCIO, PANDEMIA E DESIGUALDADES EM SAÚDE"
RENATA MACHADO DE ASSIS,UNID. ACAD. ESP/CIENCIAS DA SAUDE-JATAI,FINALIZADO E AGUARDANDO PUBLICAÇÃO,PI05305-2021,01/05/2021,30/09/2023,Ciências Humanas,Educação,,CARACTERÍSTICAS E INTERFERÊNCIAS DE EVENTOS FORMATIVOS PARA A COMUNIDADE ACADÊMICA E EXTERNA
NADJA SUSANA MOGYCA LEANDRO,ESCOLA DE VETERINÁRIA E ZOOTECNIA,FINALIZADO E AGUARDANDO PUBLICAÇÃO,PI05313-2020,02/03/2020,31/07/2023,Ciências Agrárias,Zootecnia,Nutrição e Alimentação Animal,Avaliação do butirato de sódio em frangos de corte
MARIA CLORINDA SOARES FIORAVANTI,ESCOLA DE VETERINÁRIA E ZOOTECNIA,FINALIZADO E AGUARDANDO PUBLICAÇÃO,PI05339-2020,09/03/2020,31/12/2023,Ciências Agrárias,Medicina Veterinária,Clínica e Cirurgia Animal,"Perfil clínico e laboratorial de cães portadores de tumor de mama, mastocitoma e tumor venéreo transmissível, submedos à quimioterapia"
PRISCILLA DE ANDRADE SILVA XIMENES,UNID. ACAD. ESP./EDUCAÇÃO - CATALÃO,FINALIZADO E AGUARDANDO PUBLICAÇÃO,PI05347-2021,01/08/2021,31/12/2023,Ciências Humanas,Educação,Ensino-Aprendizagem,O DESENVOLVIMENTO PROFISSIONAL DE PROFESSORES DA EDUCAÇÃO INFANTIL A PARTIR DE UMA EXPERIÊNCIA COLABORATIVA
JAIRO MENEZES E SOUZA,UNID. ACAD. ESP/MATEMATICA E TECNOLOGIA - CATALAO,FINALIZADO E AGUARDANDO PUBLICAÇÃO,PI05349-2021,01/03/2021,31/12/2023,Ciências Exatas e da Terra,Matemática,Álgebra,"Curvas Algébricas, aspectos teóricos e computacionais."
MARIA JOSE RODRIGUES,UAE REJ ESTUDOS GEOGRÁFICOS,FINALIZADO E AGUARDANDO PUBLICAÇÃO,PI05350-2019,25/03/2019,31/12/2023,Ciências Humanas,Geografia,Geografia Humana,REGIONALIZAÇÃO DA SAÚDE: ANÁLISE DO PROCESSO DE REGIONALIZAÇÃO E CENTRALIDADE DAS CIDADES SEDE EM GOIÁS  
EUGENIO GONCALVES DE ARAUJO,ESCOLA DE VETERINÁRIA E ZOOTECNIA,FINALIZADO E AGUARDANDO PUBLICAÇÃO,PI05351-2021,27/04/2021,30/04/2023,Ciências Agrárias,Medicina Veterinária,Patologia Animal,EXTRATÉGIA TERAPÊUTICA E AVALIAÇÃO DOS MECANISMOS CELULARES E MOLECULARES ALTERADOS PELA AÇÃO DE EXTRATOS DE PLANTAS DO CERRADO E COMPOSTOS ISOLADOS  NAS CÉLULAS D-17 E HUVEC IN VITRO
VIRGILIO MOREIRA RORIZ,FACULDADE DE ODONTOLOGIA,AGUARDANDO CEP/CEUA/CBIO,PI05353-2021,30/08/2021,29/09/2023,Ciências da Saúde,Odontologia,,DERMATOGLIFIA INFORMATIZADA VALIDADA COMO MARCADOR PARA PERIODONTITE
FABYOLA BARROS DE CARVALHO,ESCOLA DE VETERINÁRIA E ZOOTECNIA,FINALIZADO E AGUARDANDO PUBLICAÇÃO,PI05355-2021,15/06/2021,31/12/2023,Ciências Agrárias,Zootecnia,Nutrição e Alimentação Animal,VITAMINAS IN OVO PODEM AUXILIAR NA RESISTÊNCIA DO PINTO DE CORTE AO ESTRESSE DO JEJUM PÓS-ECLOSÃO?
ANDREA FREIRE DE LUCENA,"FACULDADE DE ADMINISTRAÇÃO, CIÊNCIAS CONTÁBEIS E CIÊNCIAS ECONÔMICAS",FINALIZADO E AGUARDANDO PUBLICAÇÃO,PI05359-2021,29/04/2021,31/12/2023,Ciências Sociais Aplicadas,Economia,Economia Internacional,"Avante Goiás: inteligência comercial, estratégia proativa e cadeias produtivas inovadoras"
CRISTINA SILVA DE OLIVEIRA,UAE REJ ESTUDOS GEOGRÁFICOS,FINALIZADO E AGUARDANDO PUBLICAÇÃO,PI05363-2021,01/05/2021,30/04/2023,Ciências Exatas e da Terra,Geociências,Geografia Física,MAPEAMENTO GEOMORFOLÓGICO DO MUNICÍPIO DE JATAÍ (GO) COMO SUBSÍDIO PARA O ZONEAMENTO AMBIENTAL
GUSTAVO HENRIQUE MARQUES ARAUJO,UNID. ACAD. ESP/CIENCIAS AGRARIAS-JATAI,FINALIZADO E AGUARDANDO PUBLICAÇÃO,PI05367-2021,01/06/2021,31/08/2023,Ciências Agrárias,Zootecnia,Produção Animal,VIABILIDADE DA IMPLEMENTAÇÃO DO SETOR DE EQUIDEOCULTURA NA FAZENDA ESCOLA DA UFJ
SUMBAL SABA,INSTITUTO DE QUÍMICA,FINALIZADO E AGUARDANDO PUBLICAÇÃO,PI05379-2021,30/04/2021,30/04/2023,Ciências Exatas e da Terra,Química,Química Orgânica,Catalyst- and metal-free C(sp2)-H bond selenylation of (N-hetero)-arenes using diselenides and trichloroisocyanuric acid                                    
CLARISSA DAMIANI,ESCOLA DE AGRONOMIA,FINALIZADO E AGUARDANDO PUBLICAÇÃO,PI05388-2021,01/05/2021,31/12/2023,Ciências Agrárias,Ciência e Tecnologia de Alimentos,Ciência de Alimentos,CARACTERIZAÇÃO QUÍMICA E PERFIL DE FENÓLICOS DE MIRTILOS (rabbiteye ) ORGÂNICOS CULTIVADOS NO BRASIL 
TEREZA CRISTINA PIRES FAVARO,UNID.ACAD.ESP/CIENC SOCIAIS APLIC-GOIAS,FINALIZADO E AGUARDANDO PUBLICAÇÃO,PI05395-2021,04/05/2021,30/06/2023,Ciências Sociais Aplicadas,Serviço Social,,"EDUCAÇÃO SUPERIOR EM TEMPOS DE ENSINO REMOTO EMERGENCIAL E O AVANÇO DO PROJETO NEOLIBERAL, 2020-2022"
RAIMUNDA DELFINO DOS SANTOS AGUIAR,INSTITUTO DE INFORMÁTICA,FINALIZADO E AGUARDANDO PUBLICAÇÃO,PI05398-2021,15/01/2021,15/12/2023,"Lingüística, Letras e Artes",Lingüística,Teoria e Análise Lingüística,"Projeto de pesquisa EDUCAÇÃO DIGITAL: Políticas, Leitura, Produção Textual, Identidade e Subjetividade com Trabalhadoras/es Terceirizadas/os da UFG "
BRUNNO SANTOS DE FREITAS SILVA,FACULDADE DE ODONTOLOGIA,FINALIZADO E AGUARDANDO PUBLICAÇÃO,PI05402-2021,02/08/2021,20/12/2023,Ciências da Saúde,Odontologia,Clínica Odontológica,Expressão dos marcadores de células-tronco CD105 e CD44 nos diferentes estágios de progressão maligna das leucoplasias orais: Um estudo imuno-histoquímico e clínico-patológico
AGUEDA MARIA RUIZ ZIMMER CAVALCANTE,FACULDADE DE ENFERMAGEM,FINALIZADO E AGUARDANDO PUBLICAÇÃO,PI05408-2020,01/07/2020,31/12/2023,Ciências da Saúde,Enfermagem,Enfermagem de Doenças Contagiosas,VALIDAÇÃO CLÍNICA DO RESULTADO NOC RESPOSTA À VENTILAÇÃO MECÂNICA: ADULTO
DENISE SISTEROLLI DINIZ,FACULDADE DE MEDICINA,FINALIZADO E AGUARDANDO PUBLICAÇÃO,PI05412-2021,01/04/2021,30/12/2023,Ciências da Saúde,Medicina,Clínica Médica,EFEITOS AGUDOS E CRÔNICOS DA VACINAÇÃO DE COVID-19 EM PACIENTES COM DOENÇAS DESMIELINIZANTES: UM ESTUDO PROSPECTIVO
NYUARA ARAUJO DA SILVA MESQUITA,INSTITUTO DE QUÍMICA,FINALIZADO E AGUARDANDO PUBLICAÇÃO,PI05418-2021,12/02/2021,30/10/2023,Ciências Exatas e da Terra,Química,,O acidente radiológico de Goiânia e seus desdobramentos nos currículos da licenciatura em Química em Goiás: uma leitura freireana
LETICIA SEGURADO CORTES,FACULDADE DE INFORMAÇÃO E COMUNICAÇÃO,PRORROGAÇÃO PENDENTE COORD. PESQUISA,PI05424-2021,01/02/2021,29/09/2023,Ciências Sociais Aplicadas,Comunicação,Relações Públicas e Propaganda,"A relação entre criatividade, eficiência da comunicação, tecnologia e dados no mercado de agências publicitárias goianienses"
MARIA LUCIA GAMBARINI,ESCOLA DE VETERINÁRIA E ZOOTECNIA,FINALIZADO E AGUARDANDO PUBLICAÇÃO,PI05438-2020,02/03/2020,30/06/2023,Ciências Agrárias,Zootecnia,Produção Animal,ESTRESSE TÉRMICO E TAXA DE PRENHEZ EM GIROLANDO SUBMETIDAS AO PROTOCOLO DE INSEMINAÇÃO ARTIFICIAL EM TEMPO FIXO 
PAULO HENRIQUE JORGE DA CUNHA,ESCOLA DE VETERINÁRIA E ZOOTECNIA,AGUARDANDO CEP/CEUA/CBIO,PI05449-2021,12/05/2021,30/11/2023,Ciências Agrárias,Medicina Veterinária,Clínica e Cirurgia Animal,"Infecção experimental em bovinos das raças Curraleiro Pé-Duro, Pantaneiro, Nelore e Jersey por Trypanosoma vivax"
LAURA VILELA RODRIGUES REZENDE,FACULDADE DE INFORMAÇÃO E COMUNICAÇÃO,FINALIZADO E AGUARDANDO PUBLICAÇÃO,PI05451-2021,24/03/2021,24/03/2023,Ciências Sociais Aplicadas,Ciência da Informação,,DESAFIOS DA CULTURA DIGITAL: A DINÂMICA DA CONSTRUÇÃO DE SABERES NO COMBATE ÀDESINFORMAÇÃO
MARIANA PIRES FRANCO,ESCOLA DE AGRONOMIA,FINALIZADO E AGUARDANDO PUBLICAÇÃO,PI05455-2021,01/06/2021,30/06/2023,Ciências Agrárias,Recursos Florestais e Engenharia Florestal,Tecnologia e Utilização de Produtos Florestais,QUALIDADE DE BIOCOMBUSTÍVEIS SÓLIDOS DA PODA DE ÁRVORES DE DIPTERYX ALATA
MARCO AUGUSTO MACHADO SILVA,ESCOLA DE VETERINÁRIA E ZOOTECNIA,FINALIZADO E AGUARDANDO PUBLICAÇÃO,PI05464-2021,10/05/2021,30/08/2023,Ciências Agrárias,Medicina Veterinária,Clínica e Cirurgia Animal,REANIMAÇÃO VOLÊMICA COM SOLUÇÃO DE NACL A 0.9% OU RINGER COM LACTATO EM CADELAS COM PIOMETRA E SEPSE: ASPECTOS CLÍNICOS E LABORATORIAIS
FERNANDA PAULA YAMAMOTO SILVA,FACULDADE DE ODONTOLOGIA,FINALIZADO E AGUARDANDO PUBLICAÇÃO,PI05467-2021,18/03/2021,31/12/2023,Ciências da Saúde,Odontologia,Radiologia Odontológica,AVALIAÇÃO DE CUSTO-EFETIVIDADE DA APLICAÇÃO DA TOMOGRAFIA COMPUTADORIZADA DE FEIXE CÔNICO NO TRATAMENTO COM IMPLANTES DENTÁRIOS EM ESPAÇO DESDENTADO UNITÁRIO POSTERIOR
TANIA APARECIDA PINTO DE CASTRO FERREIRA,FACULDADE DE NUTRIÇÃO,PRORROGAÇÃO PENDENTE COORD. PESQUISA,PI05472-2021,01/01/2021,31/12/2023,Ciências Agrárias,Ciência e Tecnologia de Alimentos,Ciência de Alimentos,"POTENCIAL COMERCIAL, NUTRICIONAL, TECNOLÓGICO E SENSORIAL DE PRODUTOS DERIVADOS DOS FRUTOS E DO PALMITO DE BURITIRANA [Mauritiella armata (Mart.) Burret] E TUCUM [Astrocaryum huaimi Mart.] "
FRANCINE DO COUTO LIMA MOREIRA,FACULDADE DE ODONTOLOGIA,FINALIZADO,PI05476-2021,01/07/2021,31/01/2023,Ciências da Saúde,Odontologia,Materiais Odontológicos,AVALIAÇÃO DE DIFERENTES TÉCNICAS DE CLAREAMENTO DENTÁRIO ATIVADO POR LED VIOLETA: ESTUDO IN VITRO
RENATA MACHADO PINTO,FACULDADE DE MEDICINA,FINALIZADO,PI05480-2021,01/09/2021,30/11/2023,Ciências da Saúde,Medicina,Clínica Médica,AVALIAÇÃO DO NÍVEL DE ATIVIDADE FÍSICA DE ESTUDANTESDE NÍVEL SUPERIOR DURANTE A PANDEMIA DO CORONAVÍRUS
FLAVIA APARECIDA DE OLIVEIRA,INSTITUTO DE PATOLOGIA TROPICAL E SAÚDE PÚBLICA,FINALIZADO E AGUARDANDO PUBLICAÇÃO,PI05483-2020,14/09/2020,31/12/2023,Ciências da Saúde,Medicina,,Avaliação dos óleos essenciais de Eugenia uniflora e Syzygium cumini (L.) Skeels aplicados no tratamento da doença de Chagas experimental
RENATA MACHADO PINTO,FACULDADE DE MEDICINA,FINALIZADO,PI05484-2021,01/09/2021,30/11/2023,Ciências da Saúde,Medicina,Saúde Materno-Infantil,Conhecimento de gestantes sobre o Developmental Programming e a importância dos 1000 dias para saúde do bebê a longo prazo
ARTHUR DOS SANTOS MASCIOLI,ESCOLA DE VETERINÁRIA E ZOOTECNIA,FINALIZADO E AGUARDANDO PUBLICAÇÃO,PI05487-2021,14/05/2021,14/05/2023,Ciências Agrárias,Zootecnia,Genética e Melhoramento dos Animais Domésticos,INTERAÇÕES GENÓTIPOS x AMBIENTES EM SISTEMAS ESPECIALISTAS: FENÓTIPOS DE PESOS PADRÕES EM BOVINOS DE CORTE
TANIA APARECIDA PINTO DE CASTRO FERREIRA,FACULDADE DE NUTRIÇÃO,PRORROGAÇÃO PENDENTE COORD. PESQUISA,PI05488-2021,01/01/2021,31/03/2023,Ciências Agrárias,Ciência e Tecnologia de Alimentos,Tecnologia de Alimentos,"PRODUTOS DE PANIFICAÇÃO DE PRODUÇÃO PRÓPRIA REDUZIDOS EM SÓDIO: ASPECTOS TECNOLÓGICOS, DE ROTULAGEM E DO CONSUMIDOR "
ARTHUR DOS SANTOS MASCIOLI,ESCOLA DE VETERINÁRIA E ZOOTECNIA,FINALIZADO E AGUARDANDO PUBLICAÇÃO,PI05493-2021,14/05/2021,14/05/2023,Ciências Agrárias,Zootecnia,Genética e Melhoramento dos Animais Domésticos,INTERAÇÕES GENÓTIPOS x AMBIENTES EM SISTEMAS ESPECIALISTAS: FENÓTIPOS REPRODUTIVOS DE FÊMEAS DA RAÇA NELORE
WILTON LADEIRA DA SILVA,ESCOLA DE VETERINÁRIA E ZOOTECNIA,FINALIZADO E AGUARDANDO PUBLICAÇÃO,PI05505-2021,01/01/2021,31/12/2023,Ciências Agrárias,Zootecnia,Pastagem e Forragicultura,AVALIAÇÃO DE FORRAGEM EM PASTOS DE BRACHIARIA BRIZANTHA cv. MARANDU QUANTO À APLICAÇÃO DE HERBICIDAS EM PÓS-EMERGÊNCIA
JULIA SEBBA RAMALHO MORAIS,UNID. ACAD. ESP/CIENCIAS HUMANAS - GOIAS,FINALIZADO E AGUARDANDO PUBLICAÇÃO,PI05526-2021,25/05/2021,20/12/2023,Ciências Humanas,Filosofia,História da Filosofia,Subjetividade no Idealismo Alemão 
MARINALDO DIVINO RIBEIRO,PRÓ-REITORIA DE PESQUISA E INOVAÇÃO,FINALIZADO E AGUARDANDO PUBLICAÇÃO,PI05532-2018,03/03/2018,31/12/2023,Ciências Agrárias,Zootecnia,Nutrição e Alimentação Animal,Inclusão de silagem de milho na dieta de bezerros no período pré e pós-desmama
ELISANDRA CARNEIRO DE FREITAS CARDOSO,UNID. ACAD. ESP/CIENCIAS HUMANAS - GOIAS,FINALIZADO E AGUARDANDO PUBLICAÇÃO,PI05550-2021,31/08/2021,30/10/2023,Ciências Humanas,Educação,Ensino-Aprendizagem,Educação do Campo no município de Goiás: diálogos e proposições em tempos de pandemia
ANA PAULA IGLESIAS SANTIN,ESCOLA DE VETERINÁRIA E ZOOTECNIA,FINALIZADO E AGUARDANDO PUBLICAÇÃO,PI05561-2021,01/04/2021,31/05/2023,Ciências Humanas,Educação,Ensino-Aprendizagem,PERFIL DOS EGRESSOS DO CURSO DE MEDICINA VETERINÁRIA DA ESCOLA DE VETERINÁRIA E ZOOTECNIA - UFG
PEDRO SERGIO DOS SANTOS,FACULDADE DE DIREITO,FINALIZADO E AGUARDANDO PUBLICAÇÃO,PI05569-2021,10/03/2021,10/08/2023,Ciências Sociais Aplicadas,Direito,Direito Público,ANÁLISE DAS DECISÕES DO TRIBUNAL DE JUSTIÇA DO ESTADO DE GOIÁS EM MATÉRIA PENAL: APLICAÇÃO DA JURIMETRIA 
MELISSA AMELOTI GOMES AVELINO FERRI,FACULDADE DE MEDICINA,FINALIZADO E AGUARDANDO PUBLICAÇÃO,PI05576-2021,12/05/2021,31/12/2023,Ciências da Saúde,Medicina,,Estudo epidemiológico de SRAG por Influenza em pediatria antes e depois da insersão do SARS-Cov-2 no Brasil
NADIA DO LAGO COSTA,FACULDADE DE ODONTOLOGIA,FINALIZADO E AGUARDANDO PUBLICAÇÃO,PI05677-2021,09/09/2021,31/08/2023,Ciências da Saúde,Odontologia,,Avaliação do desempenho da terapia de fotobiomodulação como adjuvante no tratamento de pacientes com COVID-19
MANUEL EDUARDO FERREIRA,INSTITUTO DE ESTUDOS SÓCIO-AMBIENTAIS,FINALIZADO E AGUARDANDO PUBLICAÇÃO,PI05690-2021,01/10/2021,31/12/2023,Ciências Humanas,Geografia,Geografia Humana,Diagnóstico e monitoramento de serviços ecossistêmicos do bioma Cerrado no norte de Goiás como apoio à agricultura familiar 
JOSE HENRIQUE STRINGHINI,ESCOLA DE VETERINÁRIA E ZOOTECNIA,FINALIZADO E AGUARDANDO PUBLICAÇÃO,PI05713-2020,01/03/2020,31/08/2023,Ciências Agrárias,Zootecnia,Nutrição e Alimentação Animal,"DESEMPENHO ZOOTÉCNICO, PARAMÊTROS SANGUÍENOS E SAÚDE INTESTINAL DE FRANGOS DE CORTE ALIMENTADOS COM UM SIMBIÓTICO NA DIETA"
LEONARDO SANTOS COLLIER,ESCOLA DE AGRONOMIA,FINALIZADO,PI0576-2015,01/07/2015,05/09/2023,Ciências Agrárias,Agronomia,Ciência do Solo,SISTEMAS AGROSSILVIPASTORIS NO CERRADO:PRODUTIVIDADE CONVIVENDO COM PRESERVACAO DA BIODIVERSIDADE 
NADIA DO LAGO COSTA,FACULDADE DE ODONTOLOGIA,AGUARDANDO CEP/CEUA/CBIO,PI05831-2022,19/01/2022,31/08/2023,Ciências da Saúde,Odontologia,,ASSOCIAÇÃO ENTRE AS CONDIÇÕES DE SAÚDE BUCAL E DESFECHOS CLÍNICOS TARDIOS EM PACIENTES COM COVID-19: ESTUDO DE COORTE
EVERTON KORT KAMP FERNANDES,INSTITUTO DE PATOLOGIA TROPICAL E SAÚDE PÚBLICA,FINALIZADO E AGUARDANDO PUBLICAÇÃO,PI05879-2021,01/03/2021,31/12/2023,Ciências Agrárias,Medicina Veterinária,Medicina Veterinária Preventiva,Detecção da suscetibilidade das principais espécies de ixodídeos de importância no Brasil à infecção por fungos entomopatogênicos
CAIO MARCIO DE OLIVEIRA MONTEIRO,INSTITUTO DE PATOLOGIA TROPICAL E SAÚDE PÚBLICA,FINALIZADO E AGUARDANDO PUBLICAÇÃO,PI05911-2022,21/02/2022,31/12/2023,Ciências Agrárias,Medicina Veterinária,Medicina Veterinária Preventiva,ATIVIDADE CARRAPATICIDA DO FLURALANER SOBRE Rhipicephalus microplus
CRISNICAW VERISSIMO,FACULDADE DE ODONTOLOGIA,FINALIZADO E AGUARDANDO PUBLICAÇÃO,PI05912-2021,01/01/2021,31/12/2023,Ciências da Saúde,Odontologia,Materiais Odontológicos,"Influência da inserção de fibra de polietileno (Wallpapering Technique) na tensão de contração de polimerização, deformação de cúspide e resistência à fratura em molares restaurados com diferentes resinas compostas."
CAIO MARCIO DE OLIVEIRA MONTEIRO,INSTITUTO DE PATOLOGIA TROPICAL E SAÚDE PÚBLICA,FINALIZADO E AGUARDANDO PUBLICAÇÃO,PI05947-2022,01/04/2022,31/12/2023,Ciências Agrárias,Medicina Veterinária,Medicina Veterinária Preventiva,COMBINAÇÃO DO AMITRAZ COM OS ÓLEOS ESSENCIAIS DE Lippia sidoides e Thymus vulgaris E TIMOL PARA DESENVOLVIMENTO DE FORMULAÇÔES PARA CONTROLE DE Rhipicephalus microplus
MONARKO NUNES DE AZEVEDO,INSTITUTO DE PATOLOGIA TROPICAL E SAÚDE PÚBLICA,FINALIZADO E AGUARDANDO PUBLICAÇÃO,PI05954-2022,04/03/2022,30/09/2023,Ciências da Saúde,Saúde Coletiva,Medicina Preventiva,ANÁLISE DOS HÁBITOS DE CUIDADO COM A SAÚDE MENTAL DE ESTUDANTES DE MEDICINA DURANTE A PANDEMIA DA COVID-19
RHONAN FERREIRA DA SILVA,FACULDADE DE ODONTOLOGIA,FINALIZADO E AGUARDANDO PUBLICAÇÃO,PI05959-2022,01/03/2022,30/11/2023,Ciências da Saúde,Medicina,Radiologia Médica,Análise da unicidade do seio esfenoidal como parâmetro para a identificação humana
FRANCINE DO COUTO LIMA MOREIRA,FACULDADE DE ODONTOLOGIA,AGUARDANDO CEP/CEUA/CBIO,PI05966-2022,10/03/2022,31/08/2023,Ciências da Saúde,Odontologia,,Acesso à atenção odontológica: um estudo qualitativo com mães e pais de autistas
KARINE ANUSCA MARTINS,FACULDADE DE NUTRIÇÃO,FINALIZADO E AGUARDANDO PUBLICAÇÃO,PI05975-2020,01/01/2020,31/08/2023,Ciências da Saúde,Nutrição,,Avaliação da implementação da estratégia de fortificação da alimentação infantil com micronutrientes em pó  Nutrisus em creches públicas do Estado de Goiás em um estudo multicêntrico
MARINA PACHECO MIGUEL,INSTITUTO DE PATOLOGIA TROPICAL E SAÚDE PÚBLICA,FINALIZADO E AGUARDANDO PUBLICAÇÃO,PI06062-2019,04/03/2019,31/12/2023,Ciências Agrárias,Medicina Veterinária,Patologia Animal,TRATAMENTO QUIMIOTERÁPICO CONVENCIONAL E METRONÔMICO EM CADELAS COM CARCINOMA MAMÁRIO  REVISÃO SISTEMÁTICA E METANÁLISE
RAQUEL MARIA DE OLIVEIRA,ESCOLA DE VETERINÁRIA E ZOOTECNIA,FINALIZADO E AGUARDANDO PUBLICAÇÃO,PI06091-2022,01/08/2022,31/12/2023,Ciências Agrárias,Medicina Veterinária,Medicina Veterinária Preventiva,Análise retrospectiva da casuística de ovariohisterectomia e orquiectomia observada na Clínica Cirúrgica de Pequenos Animais no Hospital Veterinário Escola de Veterinária e Zootecnia da Universidade Federal de Goiás - EVZ - UFG  
ADRIANO CORREIA SILVA,FACULDADE DE FILOSOFIA,FINALIZADO E AGUARDANDO PUBLICAÇÃO,PI06109-2019,01/03/2019,31/08/2023,Ciências Humanas,Filosofia,Ética,Perdão e reconciliação com a irreversibilidade da ação na obra de Hannah Arendt
CRISTIANA MARIA TOSCANO,INSTITUTO DE PATOLOGIA TROPICAL E SAÚDE PÚBLICA,FINALIZADO,PI06133-2022,01/03/2022,29/12/2023,Ciências da Saúde,Saúde Coletiva,Epidemiologia,Efetividade e segurança dos conjuntos de derivação ventriculoperitoneal para tratamento de hidrocefalia em crianças 
TULIO EDUARDO NOGUEIRA,FACULDADE DE ODONTOLOGIA,FINALIZADO E AGUARDANDO PUBLICAÇÃO,PI06163-2022,03/05/2022,31/12/2023,Ciências da Saúde,Odontologia,Odontologia Social e Preventiva,Ageísmo na Odontologia: revisão de escopo
PAULO CELSO FERRARI,INSTITUTO DE FÍSICA,FINALIZADO E AGUARDANDO PUBLICAÇÃO,PI06167-2022,01/09/2022,29/12/2023,Ciências Humanas,Educação,Ensino-Aprendizagem,História e Filosofia da Física em Centros de Ciências
FATIMA MRUE,FACULDADE DE MEDICINA,FINALIZADO E AGUARDANDO PUBLICAÇÃO,PI06173-2022,01/06/2022,31/12/2023,Ciências da Saúde,Saúde Coletiva,Saúde Pública,"PERFIL EPIDEMIOLÓGICO, CLÍNICO, PATOLÓGICO E ASSISTENCIAL DO CÂNCER NO BRASIL"
FATIMA MRUE,FACULDADE DE MEDICINA,FINALIZADO E AGUARDANDO PUBLICAÇÃO,PI06174-2022,01/06/2022,31/12/2023,Ciências da Saúde,Medicina,Anatomia Patológica e Patologia Clínica,AVALIAÇÃO DA EFICÁCIA DE MÉTODOS DE ERRADICAÇÃO DO H. PYLORI EM ALIMENTOS
JOSE HENRIQUE STRINGHINI,ESCOLA DE VETERINÁRIA E ZOOTECNIA,FINALIZADO E AGUARDANDO PUBLICAÇÃO,PI06179-2022,01/04/2022,31/08/2023,Ciências Agrárias,Zootecnia,Nutrição e Alimentação Animal,NIVEIS CRESCENTES DE XILANASE EM DIETAS PARA POEDEIRAS COMERCIAIS
CARLOS ESTRELA,FACULDADE DE ODONTOLOGIA,FINALIZADO E AGUARDANDO PUBLICAÇÃO,PI06180-2022,25/04/2022,29/09/2023,Ciências da Saúde,Odontologia,Endodontia,Uso Do Filtro de Redução de Artefato do Contraste do Branco do Software e-Vol DX para Avaliação de Obturação do Terço Apical de Molares em Exames de Tomografia Computadorizada de Feixe Cônico
OSVALDO VILELA GARCIA FILHO,FACULDADE DE MEDICINA,FINALIZADO E AGUARDANDO PUBLICAÇÃO,PI06217-2022,20/05/2022,01/09/2023,Ciências da Saúde,Medicina,Cirurgia,RESOLUÇÃO N° 2.057/2013 DO CONSELHO FEDERAL DE MEDICINA E IMPACTO COGNITIVO DA NEUROCIRURGIA PARA DISTÚRBIOS PSIQUIÁTRICOS: É COERENTE?
SAMIRA BUHRER,INSTITUTO DE PATOLOGIA TROPICAL E SAÚDE PÚBLICA,EM ANDAMENTO,PI06354-2022,17/04/2023,30/01/2026,Ciências Biológicas,Imunologia,Imunologia Aplicada,Novas Biotecnologias de Diagnóstico Rápido da Hanseníase Aplicáveis no SUS
AGUSTINA ROSA ECHEVERRIA,INSTITUTO DE QUÍMICA,EM ANDAMENTO (Documentos Conferidos),PI06362-2022,02/01/2023,27/06/2028,Ciências Humanas,Educação,Tópicos Específicos de Educação,Experiências de Práxis Transdisciplinar na Educação Ambiental para uma Economia Sustentável
GUSTAVO HENRIQUE PETEAN,UNID.ACAD.ESP/CIENC SOCIAIS APLIC-GOIAS,EM ANDAMENTO (Documentos Conferidos),PI06366-2023,01/01/2023,31/12/2024,Ciências Sociais Aplicadas,Administração,Administração de Setores Específicos,Afastamentos do trabalho no estado de Goiás
JANAINA VIEIRA DE PAULA JORDAO,FACULDADE DE INFORMAÇÃO E COMUNICAÇÃO,FINALIZADO E AGUARDANDO PUBLICAÇÃO,PI0645-2013,09/09/2013,31/12/2023,Ciências Sociais Aplicadas,Comunicação,Relações Públicas e Propaganda,COMUNICAÇÃO E REPRESENTAÇÕES SOCIAIS: OS GRUPOS MINORITÁRIOS E A MEDIATIZAÇÃO DAS DESIGUALDADES.
HELIO GALDINO JUNIOR,FACULDADE DE ENFERMAGEM,EM ANDAMENTO (Documentos Conferidos),PI06464-2023,09/01/2023,31/12/2024,Ciências da Saúde,Enfermagem,Enfermagem Médico-Cirúrgica,AVALIAÇÃO DOS EFEITOS DO USO FREQUENTE DE ANTISSÉPTICOS  NA LIMPEZA DE FERIDAS POR QUEIMADURAS NA CICATRIZAÇÂO 
REGIANE APARECIDA DOS SANTOS SOARES BARRETO,FACULDADE DE ENFERMAGEM,EM ANDAMENTO (Documentos Conferidos),PI06466-2023,02/01/2023,31/01/2033,Ciências da Saúde,Enfermagem,Enfermagem Médico-Cirúrgica,ASSISTÊNCIA NO PERÍODO PERIOPERATÓRIO COM ÊNFASE NA SEGURANÇA DO PACIENTE
ANA FLAVIA TEODORO DE MENDONCA OLIVEIRA,FACULDADE DE EDUCAÇÃO,EM ANDAMENTO (Documentos Conferidos),PI06475-2023,01/02/2023,20/12/2028,Ciências Humanas,Educação,Tópicos Específicos de Educação,A INCLUSÃO DOS ALUNOS PÚBLICO-ALVO DA EDUCAÇÃO ESPECIAL NA REDE MUNICIPAL DE ENSINO DE GOIÂNIA
VALERIA FABIANE BRAGA FERREIRA CABRAL,FACULDADE DE ARTES VISUAIS,EM ANDAMENTO (Documentos Conferidos),PI06506-2023,13/02/2023,15/03/2027,"Lingüística, Letras e Artes",Artes,Educação Artística,AÇÕES EDUCATIVAS: CONSTRUINDO ESTRATÉGIAS METODOLÓGICAS COM/SOBRE/ENTRE/ATRAVÉS DAS POÉTICAS VISUAIS CONTEMPORÂNEAS PARA O ENSINO DE ARTES VISUAIS 
RENATA MEDICI FRAYNE CUBA,ESCOLA DE ENGENHARIA CIVIL E AMBIENTAL,EM ANDAMENTO (Documentos Conferidos),PI06521-2023,01/01/2023,01/01/2028,Engenharias,Engenharia Sanitária,,Microplásticos como vetores de contaminantes emergentes em meio aquoso
ALVARO FERREIRA JUNIOR,ESCOLA DE VETERINÁRIA E ZOOTECNIA,EM ANDAMENTO (Documentos Conferidos),PI06532-2023,01/03/2023,31/07/2026,Ciências Agrárias,Medicina Veterinária,Medicina Veterinária Preventiva,Identificação microbiológica dos fungos e leveduras da mucosa oral e pele de cães atendidos no hospital veterinário da Escola de Veterinária e Zootecnia da Universidade Federal de Goiás
CLAUDIO RODRIGUES LELES,FACULDADE DE ODONTOLOGIA,EM ANDAMENTO (Documentos Conferidos),PI06575-2023,01/01/2023,01/09/2027,Ciências da Saúde,Odontologia,Clínica Odontológica,"Desfechos clínicos, funcionais, radiográficos, reportados pelo paciente e análise econômica de pacientes tratados com overdenture mandibular retida por um ou dois implantes: avaliação de 5 a 10 anos de um ensaio clínico randomizado"
ALVARO FERREIRA JUNIOR,ESCOLA DE VETERINÁRIA E ZOOTECNIA,EM ANDAMENTO (Documentos Conferidos),PI06590-2023,20/03/2023,31/03/2026,Ciências Agrárias,Medicina Veterinária,Medicina Veterinária Preventiva,Investigação da associação entre bovinos com e sem doença periodontal e as comunidades fúngicas da cavidade oral
NILZA ALVES MARQUES ALMEIDA,FACULDADE DE ENFERMAGEM,EM ANDAMENTO (Documentos Conferidos),PI06606-2023,01/02/2023,31/12/2026,Ciências da Saúde,Saúde Coletiva,Saúde Pública,EFETIVIDADE DO PLANO DE PARTO NO CUMPRIMENTO DAS BOAS PRÁTICAS DE ATENÇÃO AO PARTO E NASCIMENTO  
MARCELO FERRAZ DE PAULA,FACULDADE DE LETRAS,EM ANDAMENTO,PI06616-2023,01/01/2023,31/12/2025,"Lingüística, Letras e Artes",Letras,Literatura Brasileira,"MEMORIAL POÉTICO DOS ANOS DE CHUMBO: LEVANTAMENTO, ANÁLISE E ANTOLOGIA"
DANIELLE CANGUSSU DE CASTRO GOMES,INSTITUTO DE QUÍMICA,EM ANDAMENTO,PI06619-2022,18/01/2023,30/11/2024,Ciências Exatas e da Terra,Química,Química Inorgânica,MATERIAIS MOLECULARES MULTIFUNCIONAIS (MMMs) AVANÇADOS PARA NANOCIÊNCIA E NANOTECNOLOGIA:UMA ABORDAGEM DA QUÍMICA RETICULAR
CRISTIANE COMINETTI,FACULDADE DE NUTRIÇÃO,FINALIZADO E AGUARDANDO PUBLICAÇÃO,PI0662-2015,10/04/2015,31/08/2023,Ciências da Saúde,Nutrição,Bioquímica da Nutrição,EFEITO DO CONSUMO DA SEMENTE DE BARU NO PERFIL LIPÍDICO DE INDIVÍDUOS COM EXCESSO DE GORDURA CORPORAL: RELAÇÃO COM O GENÓTIPO DA APOLIPOPROTEÍNA E 
KAYE OLIVEIRA DA SILVA,INSTITUTO DE MATEMÁTICA E ESTATÍSTICA,EM ANDAMENTO,PI06625-2023,01/02/2023,31/01/2028,Ciências Exatas e da Terra,Matemática,Análise,Equações Elípticas Variacionais e Aplicações
LUCIANO ALVES PEREIRA,FACULDADE DE INFORMAÇÃO E COMUNICAÇÃO,EM ANDAMENTO (Documentos Conferidos),PI06627-2023,20/01/2023,20/12/2024,Ciências Sociais Aplicadas,Comunicação,Relações Públicas e Propaganda,A religião como comunicação e poder político 
DOUGLAS HILARIO DA CRUZ,INSTITUTO DE MATEMÁTICA E ESTATÍSTICA,EM ANDAMENTO (Documentos Conferidos),PI06628-2023,21/01/2023,21/01/2028,Ciências Exatas e da Terra,Matemática,Geometria e Topologia,"Folheações, Dinâmica e Geometria"
DEBORA NOGUEIRA LOPES,FACULDADE DE CIÊNCIAS E TECNOLOGIA,EM ANDAMENTO (Documentos Conferidos),PI06634-2023,17/04/2023,31/12/2027,Ciências Exatas e da Terra,Geociências,Geografia Física, Análise da vulnerabilidade natural e ambiental 
MARLON JEISON SALOMON,FACULDADE DE HISTÓRIA,EM ANDAMENTO,PI06638-2023,01/02/2023,29/02/2028,Ciências Humanas,História,Teoria e Filosofia da História,O problema da temporalidade histórica no pensamento historiográfico do entreguerras
ANGELA TEIXEIRA DE MORAES,FACULDADE DE INFORMAÇÃO E COMUNICAÇÃO,EM ANDAMENTO (Documentos Conferidos),PI06641-2023,01/05/2023,30/12/2024,Ciências Sociais Aplicadas,Comunicação,Jornalismo e Editoração,Jornalismo e estudos de recepção: o mapeamento das pesquisas em repositórios brasileiros de referência
FILIPE ALTOE TEMPORIM,FACULDADE DE CIÊNCIAS E TECNOLOGIA,EM ANDAMENTO (Documentos Conferidos),PI06643-2023,26/01/2023,26/01/2028,Ciências Exatas e da Terra,Geociências,Geologia,Magnetismo do Magmatismo Tardio da Faixa Brasília e Paleogeografia do Gondwana Ocidental
RITA TATIANA CARDOSO ERBS,UNID. ACAD. ESP./EDUCAÇÃO - CATALÃO,FINALIZADO E AGUARDANDO PUBLICAÇÃO,PI0665-2017,09/03/2017,08/03/2023,Ciências Humanas,Educação,Fundamentos da Educação,Os outros na narrativa: Uma proposta de análise para os materiais coletados nas pesquisas com histórias de vida e narrativas (auto)biográficas
DAVID HENRIQUES DA MATTA,INSTITUTO DE MATEMÁTICA E ESTATÍSTICA,EM ANDAMENTO (Documentos Conferidos),PI06655-2023,01/02/2023,24/01/2028,Ciências Agrárias,Agronomia,Agrometeorologia,Métodos Estatísticos Aplicados à Agricultura 4.0
JULLIANO ROSA NASCIMENTO,INSTITUTO DE INFORMÁTICA,EM ANDAMENTO (Documentos Conferidos),PI06658-2023,30/01/2023,31/12/2025,Ciências Exatas e da Terra,Ciência da Computação,Teoria da Computação,"Atribuição de papéis em grafos: complexidade, algoritmos e caracterizações"
ALTAIR JOSE DOS SANTOS,FACULDADE DE EDUCAÇÃO,EM ANDAMENTO (Documentos Conferidos),PI06660-2023,10/04/2023,09/04/2027,Ciências Humanas,Psicologia,,A perversão na vida cotidiana
BONIEK GONTIJO VAZ,INSTITUTO DE QUÍMICA,EM ANDAMENTO (Documentos Conferidos),PI06663-2023,01/02/2023,31/01/2033,Ciências Exatas e da Terra,Química,Química Analítica,Petroleômica aplicada a industria do petróleo.
LEDA MENDES PINHEIRO GIMBO,FACULDADE DE EDUCAÇÃO,EM ANDAMENTO (Documentos Conferidos),PI06675-2023,04/04/2023,04/11/2025,Ciências Humanas,Psicologia,Tratamento e Prevenção Psicológica,VIOLÊNCIA DE GÊNERO E CLÍNICA GESTÁLTICA: IMPLICAÇÕES TEÓRICAS E POSSIBILIDADES INTERVENTIVAS 
TIAGO CAMARINHA LOPES,"FACULDADE DE ADMINISTRAÇÃO, CIÊNCIAS CONTÁBEIS E CIÊNCIAS ECONÔMICAS",EM ANDAMENTO (Documentos Conferidos),PI06677-2023,06/02/2023,06/02/2028,Ciências Sociais Aplicadas,Economia,,"Humanos, Tecnologia e Ciência Econômica: transdisciplinaridade investigativa em Economia Solidária e Economia Política"
GILEADE PEREIRA FREITAS,FACULDADE DE ODONTOLOGIA,EM ANDAMENTO (Documentos Conferidos),PI06678-2023,01/04/2023,01/04/2025,Ciências da Saúde,Odontologia,Cirurgia Buco-Maxilo-Facial,"Avaliação do Potencial Osteogênico Induzido por Superfícies Microtexturizadas de Titânio Grau II, IV e V "
FERNANDA BARROS,FACULDADE DE EDUCAÇÃO,EM ANDAMENTO (Documentos Conferidos),PI06684-2023,07/02/2023,31/01/2030,Ciências Humanas,Educação,Fundamentos da Educação,O ENSINO SECUNDÁRIO PÚBLICO DE 1889 A 1961: UM ESTUDO DOCUMENTAL DO HUMANISMO PROPEDÊUTICO FINANCIADO PELO ESTADO BRASILEIRO
FLAVIO GOMES DE OLIVEIRA,FACULDADE DE ARTES VISUAIS,EM ANDAMENTO (Documentos Conferidos),PI06686-2023,27/03/2023,30/12/2026,"Lingüística, Letras e Artes",Artes,Cinema,Animando com gambiarras: uma releitura dos processos de animação a partir do uso de materiais simples e disponíveis.
CLEONICE BORGES DE SOUZA,PRÓ-REITORIA DE PESQUISA E INOVAÇÃO,EM ANDAMENTO (Documentos Conferidos),PI06691-2023,01/02/2023,31/12/2027,Ciências Sociais Aplicadas,Ciência da Informação,Biblioteconomia,Formação Empreendedora e Incubação de Empreendimentos Inovadores na UFG
RODRIGO SAAR GOMES,INSTITUTO DE PATOLOGIA TROPICAL E SAÚDE PÚBLICA,EM ANDAMENTO (Documentos Conferidos),PI06692-2023,01/03/2023,28/02/2026,Ciências Biológicas,Imunologia,Imunologia Celular,O papel da adenosina deaminase (ADA) na resposta imune nas infecções por Leishmania spp.
MARCELLE FIGUEIRA MARQUES DA SILVA SALES,INSTITUTO DE PATOLOGIA TROPICAL E SAÚDE PÚBLICA,EM ANDAMENTO,PI06693-2023,01/03/2023,29/02/2028,Ciências Biológicas,Microbiologia,Biologia e Fisiologia dos Microorganismos,Aspectos Moleculares e evolutivos de vírus associados à diarreia neonatal em bovinos de Goiás
DIEGO TARLEY FERREIRA NASCIMENTO,INSTITUTO DE ESTUDOS SÓCIO-AMBIENTAIS,EM ANDAMENTO,PI06694-2023,01/03/2023,01/03/2026,Ciências Exatas e da Terra,Geociências,Geografia Física,AS MUDANÇAS CLIMÁTICAS E OS EVENTOS CLIMÁTICOS EXTREMOS NO CENTRO-OESTE DO BRASIL
RENATA MACHADO PINTO,FACULDADE DE MEDICINA,EM ANDAMENTO (Documentos Conferidos),PI06696-2023,01/01/2023,30/07/2025,Ciências da Saúde,Medicina,Saúde Materno-Infantil,ESTUDO DE AVALIAÇÃO DA CONCORDÂNCIA DO ESTADO NUTRICIONAL PERCEBIDO PELA FAMÍLIA E DO AFERIDO EM CONSULTA PEDIÁTRICA
ELINALDO DA SILVA MEIRA,FACULDADE DE ARTES VISUAIS,EM ANDAMENTO (Documentos Conferidos),PI06697-2023,01/04/2023,01/04/2026,"Lingüística, Letras e Artes",Artes,Fotografia,"DÊS'TAMÃÍN. Monóculos: relações de produção, veiculação e recepção de imagens de meio quadro fotográfico."
MARTHA NOELIA LIMA,FACULDADE DE CIÊNCIAS E TECNOLOGIA,EM ANDAMENTO (Documentos Conferidos),PI06698-2023,01/03/2023,29/02/2028,Ciências Exatas e da Terra,Geociências,Geologia,Estudo petrogenético de rochas alcalinas na região de Iporá
FILIPE LAZZERI VIEIRA,FACULDADE DE FILOSOFIA,EM ANDAMENTO (Documentos Conferidos),PI06699-2023,15/04/2023,15/04/2028,Ciências Humanas,Filosofia,Epistemologia,'Visão de Mundo' e 'Práxis': Uma Análise de Seus Contornos e Interfaces
GUILHERME COLHERINHAS DE OLIVEIRA,INSTITUTO DE FÍSICA,EM ANDAMENTO (Documentos Conferidos),PI06702-2023,01/02/2023,31/12/2035,Ciências Exatas e da Terra,Física,Física Atômica e Molecular,Modelagem e Aplicações de Nanomateriais Utilizando Simulações Computacionais
KLEBBER TEODOMIRO MARTINS FORMIGA,ESCOLA DE ENGENHARIA CIVIL E AMBIENTAL,EM ANDAMENTO,PI06706-2023,14/02/2023,14/02/2028,Engenharias,Engenharia Sanitária,Saneamento Básico,Manejo e Gestão da Drenagem Urbana
VANILTON CAMILO DE SOUZA,INSTITUTO DE ESTUDOS SÓCIO-AMBIENTAIS,EM ANDAMENTO (Documentos Conferidos),PI06707-2023,24/04/2023,15/12/2025,Ciências Humanas,Geografia,Geografia Humana,A REFORMA DO ENSINO MÉDIO E OS DESAFIOS DA GEOGRAFIA ESCOLAR 
PEDRO ADALBERTO GOMES DE OLIVEIRA NETO,FACULDADE DE EDUCAÇÃO,EM ANDAMENTO,PI06709-2023,27/03/2023,07/12/2026,Ciências Humanas,Filosofia,Epistemologia,Dialética do reconhecimento e processo de individuação
ANTONIO DIONISIO FEITOSA NORONHA FILHO,ESCOLA DE VETERINÁRIA E ZOOTECNIA,EM ANDAMENTO (Documentos Conferidos),PI06710-2023,01/06/2023,31/12/2027,Ciências Agrárias,Medicina Veterinária,Clínica e Cirurgia Animal,AVALIAÇÃO ULTRASSONOGRÁFICA DOS DÍGITOS DE BOVINOS LEITEIROS SAUDÁVEIS E COM CLAUDICAÇÃO
GERSON DOS SANTOS LISBOA,FACULDADE DE CIÊNCIAS E TECNOLOGIA,EM ANDAMENTO (Documentos Conferidos),PI06712-2023,01/01/2023,31/12/2027,Ciências Exatas e da Terra,Geociências,Geodésia,"Imagens de Satélite e Aeronave não Tripuladas para a Análise do Uso, Cobertura e Ocupação da Terra no Cerrado, GO-Brasil"
TATIANA GONDIM DO AMARAL,ESCOLA DE ENGENHARIA CIVIL E AMBIENTAL,EM ANDAMENTO (Documentos Conferidos),PI06718-2023,22/02/2023,22/02/2028,Engenharias,Engenharia Civil,Construção Civil,Tecnologia e Gestão da Produção de Edifícios Verticalizados
ARLINDO RODRIGUES GALVAO FILHO,INSTITUTO DE INFORMÁTICA,EM ANDAMENTO,PI06721-2023,01/04/2023,31/08/2025,Ciências Exatas e da Terra,Ciência da Computação,,Geração Automática de Textos Jurídicos Utilizando Modelos de Geradores de Linguagem Natural
EVELLIN CRISTINE SOUZA CARDOSO,INSTITUTO DE INFORMÁTICA,EM ANDAMENTO (Documentos Conferidos),PI06722-2023,23/02/2023,23/02/2028,Ciências Exatas e da Terra,Ciência da Computação,Metodologia e Técnicas da Computação,SISTEMAS DE INFORMAÇÃO E CIÊNCIAS DE DADOS NA ERA DE BIG DATA 
LILIAN RIBEIRO DE REZENDE,ESCOLA DE ENGENHARIA CIVIL E AMBIENTAL,EM ANDAMENTO,PI06729-2023,01/03/2023,28/02/2028,Engenharias,Engenharia Civil,Geotécnica,Estudo avançado de ligantes e misturas asfálticas
LILIAN RIBEIRO DE REZENDE,ESCOLA DE ENGENHARIA CIVIL E AMBIENTAL,EM ANDAMENTO (Documentos Conferidos),PI06730-2023,01/03/2023,28/02/2028,Engenharias,Engenharia Civil,Geotécnica,DESENVOLVIMENTO DE PAVIMENTO ASFÁLTICO DRENANTE SUSTENTÁVEL PARA O CONTEXTO DO ESTADO DE GOIÁS
OZANA DE FATIMA ZACARONI,ESCOLA DE VETERINÁRIA E ZOOTECNIA,EM ANDAMENTO (Documentos Conferidos),PI06736-2023,01/05/2023,31/12/2024,Ciências Agrárias,Zootecnia,Produção Animal,O uso de diflubenzuron 3% no controle de mosca do estábulo pode afetar a transmissão de mastite em vacas leiteira?
JOANA PAULA SANCHEZ,FACULDADE DE CIÊNCIAS E TECNOLOGIA,EM ANDAMENTO,PI06746-2023,01/03/2023,01/03/2025,Ciências Exatas e da Terra,Geociências,Geologia,Projeto GeoAves no nordeste Goiano
JANAINA VALADARES GUIMARAES,FACULDADE DE ENFERMAGEM,EM ANDAMENTO (Documentos Conferidos),PI06749-2023,25/02/2023,25/02/2028,Ciências da Saúde,Enfermagem,Enfermagem Obstétrica,Sintomas de ansiedade e depressão em puérperas associados a pandemia da covid-19: Estudo de Coorte Prospectiva 
ADRIANA TERAMOTO,ESCOLA DE AGRONOMIA,EM ANDAMENTO (Documentos Conferidos),PI06751-2023,02/03/2023,31/12/2025,Ciências Agrárias,Agronomia,Fitotecnia,"Desenvolvimento de mudas de abacaxizeiro BRS Imperial com uso de bioensumos em Goiânia, GO "
MATHEUS DE FRANCA PERAZZO,FACULDADE DE ODONTOLOGIA,EM ANDAMENTO (Documentos Conferidos),PI06754-2023,02/03/2023,02/09/2026,Ciências da Saúde,Odontologia,,"ADATAÇÃO TRANSCULTURAL E ANÁLISE DAS PROPRIEDADES PSICOMÉTRICAS DE INSTRUMENTOS SOBRE COMPORTAMENTO, VALORES E LÓCUS DE CONTROLE NA ODONTOLOGIA"
LIDIA MORAES RIBEIRO JORDAO,FACULDADE DE ODONTOLOGIA,EM ANDAMENTO (Documentos Conferidos),PI06755-2023,02/05/2023,28/02/2026,Ciências da Saúde,Odontologia,Odontologia Social e Preventiva,CONHECIMENTO SOBRE LETRAMENTO EM SAÚDE BUCAL DE ESTUDANTES DE ODONTOLOGIA: IMPLEMENTAÇÃO DE CAPACITAÇÃO E AVALIAÇÃO QUALITATIVA
RHONAN FERREIRA DA SILVA,FACULDADE DE ODONTOLOGIA,EM ANDAMENTO (Documentos Conferidos),PI06759-2023,01/02/2023,30/11/2024,Ciências da Saúde,Odontologia,,IMPORTÂNCIA ANATÔMICA E PERICIAL DOS OSSOS SUPRANUMERÁRIOS CRANIANOS 
SANTINHA NEUDA ALVES DO LAGO,FACULDADE DE LETRAS,EM ANDAMENTO (Documentos Conferidos),PI06760-2023,03/05/2023,31/08/2028,"Lingüística, Letras e Artes",Letras,Literaturas Estrangeiras Modernas,A educação em literatura e língua 
CARLOS HENRIQUE DE CASTRO,INSTITUTO DE CIENCIAS BIOLOGICAS,EM ANDAMENTO (Documentos Conferidos),PI06763-2023,01/02/2023,01/02/2028,Ciências Biológicas,Fisiologia,Fisiologia de Órgãos e Sistemas,AVALIAÇÃO DE COMPOSTOS COM POTENCIAL EFEITO TERAPÊUTICO PARA HIPERTENSÃO ARTERIAL PULMONAR
FLAVIA LEME DE ALMEIDA,FACULDADE DE ARTES VISUAIS,EM ANDAMENTO (Documentos Conferidos),PI06767-2023,17/04/2023,15/12/2028,"Lingüística, Letras e Artes",Artes,Artes Plásticas,A cerâmica artística e suas experimentações
RAFAEL MACEDO DIAS,INSTITUTO DE QUÍMICA,EM ANDAMENTO (Documentos Conferidos),PI06768-2023,01/04/2023,01/04/2033,Engenharias,Engenharia Química,Processos Industriais de Engenharia Química,Estudo de equilíbrio de fases envolvendo solventes alternativos e solventes orgânicos tradicionais para desenvolvimento de novas estratégias na indústria química
NADJA SUSANA MOGYCA LEANDRO,ESCOLA DE VETERINÁRIA E ZOOTECNIA,EM ANDAMENTO (Documentos Conferidos),PI06774-2023,06/02/2023,31/12/2025,Ciências Agrárias,Zootecnia,Nutrição e Alimentação Animal,Avaliação de uma fonte vegetal de colina em dietas de frangos de corte
EDER MARQUES,ESCOLA DE AGRONOMIA,EM ANDAMENTO (Documentos Conferidos),PI06775-2023,10/04/2023,10/03/2033,Ciências Agrárias,Agronomia,Fitossanidade,"Diagnose, detecção, distribuição, fatores predisponentes e alternativas manejo de doenças de plantas no Estado de Goiás"
FELIPE NOGUEIRA DA CRUZ,"FACULDADE DE ADMINISTRAÇÃO, CIÊNCIAS CONTÁBEIS E CIÊNCIAS ECONÔMICAS",EM ANDAMENTO (Documentos Conferidos),PI06781-2023,17/04/2023,31/12/2025,Ciências Sociais Aplicadas,Economia,,O Sistema Monetário e Financeiro Internacional Contemporâneo diante do desafio climático
LUAN VINICIUS BERNARDELLI,UNID.ACAD.ESP/CIENC SOCIAIS APLIC-GOIAS,EM ANDAMENTO (Documentos Conferidos),PI06785-2023,24/04/2023,30/12/2025,Ciências Sociais Aplicadas,Economia,Economia dos Recursos Humanos,OS DETERMINANTES DA EVASÃO UNIVERSITÁRIA
MONARKO NUNES DE AZEVEDO,INSTITUTO DE PATOLOGIA TROPICAL E SAÚDE PÚBLICA,EM ANDAMENTO (Documentos Conferidos),PI06787-2023,15/03/2023,30/04/2025,Ciências da Saúde,Saúde Coletiva,Epidemiologia,Análise interseccional da vulnerabilidade social de pessoas com diferenças no intervalo entre o diagnóstico e o tratamento do câncer de boca
ALVARO FERREIRA JUNIOR,ESCOLA DE VETERINÁRIA E ZOOTECNIA,EM ANDAMENTO (Documentos Conferidos),PI06797-2023,01/05/2023,30/08/2027,Ciências Agrárias,Medicina Veterinária,Medicina Veterinária Preventiva,PESQUISA MICROBIOLÓGICA E MOLECULAR DE SPOROTHRIX PATOGÊNICOS EM SOLOS DE ESPAÇOS PÚBLICOS DA CIDADE DE GOIÂNIA
ANA FLAVIA MACHADO BOTELHO,ESCOLA DE VETERINÁRIA E ZOOTECNIA,EM ANDAMENTO (Documentos Conferidos),PI06798-2023,20/03/2023,30/06/2028,Ciências Agrárias,Medicina Veterinária,Clínica e Cirurgia Animal,"POTENCIAIS TOXICIDADES AGUDA E CRÔNICA DA BEAUVERICINA em girinos de Dendropsophus minutus (Hylidae, Anura)"
LUIS FELIPE KOJIMA HIRANO,FACULDADE DE CIÊNCIAS SOCIAIS,EM ANDAMENTO (Documentos Conferidos),PI06799-2023,03/04/2023,30/03/2026,Ciências Humanas,Antropologia,Teoria Antropológica,"Cartografia da rede de antropologia visual no Brasil: consolidação, acervo e publicização"
ANA CLAUDIA DE LIMA SILVA,ESCOLA DE AGRONOMIA,EM ANDAMENTO,PI06800-2023,01/04/2023,01/04/2028,Ciências Agrárias,Agronomia,Fitotecnia,Tecnologias para o cultivo de milho no Cerrado 
KARINE CAMILA OLIVEIRA,UNID.ACAD.ESP/CIENC SOCIAIS APLIC-GOIAS,EM ANDAMENTO (Documentos Conferidos),PI06801-2023,01/04/2023,01/09/2024,Ciências Sociais Aplicadas,Arquitetura e Urbanismo,Fundamentos de Arquitetura e Urbanismo,ESTADO DE CONSERVAÇÃO DOS BENS IMÓVEIS DO CONJUNTO TOMBADO DE GOIÁS
ANDREA RODRIGUES CHAVES,INSTITUTO DE QUÍMICA,EM ANDAMENTO,PI06808-2023,27/03/2023,25/03/2033,Ciências Exatas e da Terra,Química,Química Analítica,Novas ferramentas analíticas a serviço da segurança e qualidade do leite e derivados lácteos
LEONILDO ALVES FERREIRA,INSTITUTO DE QUÍMICA,EM ANDAMENTO (Documentos Conferidos),PI06810-2023,17/04/2023,16/04/2033,Ciências Exatas e da Terra,Química,Química Inorgânica,Valorização de matérias-primas renováveis via catálise
CARLOS EDUARDO SANCHES DE ANDRADE,FACULDADE DE CIÊNCIAS E TECNOLOGIA,EM ANDAMENTO (Documentos Conferidos),PI06815-2023,01/09/2023,31/08/2026,Engenharias,Engenharia de Transportes,Operações de Transportes,AVALIAÇÃO DAS EMISSÕES DE DIÓXIDO DE CARBONO E POLUENTES ATMOSFÉRICOS DOS SISTEMAS DE TRANSPORTES
MARIA CLARET COSTA MONTEIRO HADLER,FACULDADE DE NUTRIÇÃO,EM ANDAMENTO,PI06818-2023,18/03/2023,21/12/2027,Ciências da Saúde,Nutrição,Análise Nutricional de População,Comparação do NutriSUS com a suplementação medicamentosa em crianças na educação infantil: um ensaio clínico randomizado
LIVIA THAIS MOREIRA DE FIGUEIREDO,ESCOLA DE AGRONOMIA,EM ANDAMENTO (Documentos Conferidos),PI06819-2024,01/04/2023,31/03/2028,Ciências Agrárias,Recursos Florestais e Engenharia Florestal,Manejo Florestal,Manejo de Plantios Comerciais no estado de Goiás 
DANIEL GRAZIANI,HOSPITAL VETERINARIO,EM ANDAMENTO (Documentos Conferidos),PI06820-2023,02/05/2023,01/05/2025,Ciências Biológicas,Fisiologia,Fisiologia Geral,"Avaliação dos efeitos de seis diferentes moléculas de elagitaninos antioxidantes, isolados de plantas com ampla distribuição no território nacional, no estresse oxidativo induzido por peróxido de hidrogênio e por isquemia e reperfusão em células endoteliais humanas."
PEDRO VALE DE AZEVEDO BRITO,INSTITUTO DE CIENCIAS BIOLOGICAS,EM ANDAMENTO (Documentos Conferidos),PI06822-2023,01/08/2023,31/07/2025,Ciências Biológicas,Zoologia,,Utilização de ninhos-iscas para captura de enxames de Meliponini no Câmpus da Universidade Federal de Goiás.
ELISA SOARES ROCHA BARBOSA,FACULDADE DE CIÊNCIAS E TECNOLOGIA,EM ANDAMENTO,PI06824-2023,02/01/2023,23/12/2027,Ciências Exatas e da Terra,Geociências,Geologia,BENEFICIAMENTO DO POTÁSSIO PARA USO AGRONÔMICO: CARACTERIZAÇÃO DE AGROMINERAIS SILICÁTICOS POTENCIAIS NO SUDOESTE GOIANO E REFINAMENTO DO ZONEAMENTO AGROGEOLÓGICO REGIONAL
RAFAEL BITTENCOURT RODRIGUES LOPES,FACULDADE DE CIÊNCIAS SOCIAIS,EM ANDAMENTO,PI06825-2023,01/02/2023,31/12/2024,Ciências Humanas,Ciência Política,Política Internacional,"Relações Internacionais a partir do Sul Global: cooperação, desenvolvimento e teoria através de novas lentes"
SUMBAL SABA,INSTITUTO DE QUÍMICA,EM ANDAMENTO (Documentos Conferidos),PI06828-2023,17/04/2023,03/04/2026,Ciências Exatas e da Terra,Química,Química Orgânica,SÍNTESE DE SELANIL-(HETERO)ARENOS VIA SELENILAÇÃO DA  LIGAÇÃO C(SP2)-H PROMOVIDA POR ÁCIDO TRICLOROISOCIANÚRICO 
ANTONIO DA SILVA MENEZES JUNIOR,FACULDADE DE MEDICINA,EM ANDAMENTO,PI06829-2023,02/03/2023,30/09/2026,Ciências da Saúde,Medicina,Clínica Médica,EFICÁCIA E SEGURANÇA DO CARDIOVERSOR-DESFIBRILADOR IMPLANTÁVEL EM PACIENTES COM CARDIOMIOPATIA HIPERTRÓFICA OBSTRUTIVA- UPDATE DE REVISÃO SISTEMÁTICA E METANÁLISE.  
GINO BERTOLLUCCI COLHERINHAS,"ESCOLA DE ENGENHARIA ELÉTRICA, MECÂNICA E DE COMPUTAÇÃO",EM ANDAMENTO (Documentos Conferidos),PI06831-2023,03/04/2023,31/12/2026,Engenharias,Engenharia Mecânica,Projetos de Máquinas,Desenvolvimento de equipamento para parques de diversão para pessoas com deficiência
CARLOS ROBERTO SETTE JUNIOR,ESCOLA DE AGRONOMIA,EM ANDAMENTO (Documentos Conferidos),PI06832-2023,01/05/2023,31/03/2026,Ciências Agrárias,Recursos Florestais e Engenharia Florestal,Tecnologia e Utilização de Produtos Florestais,Clones de Eucalyptus spp. para uso múltiplo da madeira em sistemas integrados de produção
JOÃO PAULO SOUZA SILVA,FACULDADE DE CIÊNCIAS E TECNOLOGIA,EM ANDAMENTO (Documentos Conferidos),PI06833-2023,03/04/2023,31/12/2027,Engenharias,Engenharia de Transportes,,Como as metodologias baseadas na prática vivencial e no uso intensivo de tecnologias são utilizadas  para a construção de conhecimento nos cursos de Engenharia da UFG
RAFAEL TASSINARI RESENDE,ESCOLA DE AGRONOMIA,EM ANDAMENTO (Documentos Conferidos),PI06834-2023,01/04/2023,31/12/2028,Ciências Agrárias,Agronomia,Fitotecnia,TheCrop - Precision Breeding
PRISCILA RENATA GIMENEZ,FACULDADE DE LETRAS,EM ANDAMENTO (Documentos Conferidos),PI06835-2023,01/07/2023,31/08/2028,"Lingüística, Letras e Artes",Letras,Literatura Comparada,"Literatura e imprensa: escritas, traduções e representações"
CRISTIAN ROGERIO FOGUESATTO,ESCOLA DE AGRONOMIA,EM ANDAMENTO (Documentos Conferidos),PI06837-2023,01/01/2023,31/12/2024,Ciências Sociais Aplicadas,Administração,,ANALISANDO A INFLUÊNCIA DAS MÍDIAS SOCIAIS E DAS CAPACIDADES DIN MICAS NO DESEMPENHO DA INOVAÇÃO DAS STARTUPS DO AGRONEGÓCIO
JASCIELI CARLA BORTOLINI,INSTITUTO DE CIENCIAS BIOLOGICAS,EM ANDAMENTO,PI06838-2023,01/05/2023,01/05/2027,Ciências Biológicas,Botânica,,Integridade ambiental em lagos urbanos e em áreas adjacentes: a biodiversidade como ferramenta de avaliação
FERNANDO LACERDA JUNIOR,FACULDADE DE EDUCAÇÃO,EM ANDAMENTO (Documentos Conferidos),PI06843-2023,01/05/2023,30/04/2027,Ciências Humanas,Psicologia,Fundamentos e Medidas da Psicologia,A Psicologia Crítica no Brasil: investigando sua história e situação atual
FERNANDA GOMES DE PAULA,ESCOLA DE VETERINÁRIA E ZOOTECNIA,EM ANDAMENTO,PI06845-2023,20/04/2023,31/10/2024,Ciências Agrárias,Zootecnia,Produção Animal,Densidade populacional de tilápia do Nilo integrada ao cultivo de alface baby leaf em sistema aquapônico adaptado
MIRIAM SUZANE VIDOTTI,ESCOLA DE AGRONOMIA,EM ANDAMENTO (Documentos Conferidos),PI06849-2023,17/04/2023,17/04/2026,Ciências Agrárias,Agronomia,Fitotecnia,Caracterização de coleção de germoplasma e melhoramento genético do jatobá-do-cerrado (Hymenaea stigonocarpa)
MARIA ASSIMA BITTAR GONCALVES,ESCOLA DE AGRONOMIA,EM ANDAMENTO (Documentos Conferidos),PI06851-2023,17/04/2023,17/04/2025,Ciências Agrárias,Ciência e Tecnologia de Alimentos,Engenharia de Alimentos,Elaboração de filmes comestíveis para serem aplicados em frutas e hortaliças.
MARCUS CARRIAO DOS SANTOS,INSTITUTO DE FÍSICA,EM ANDAMENTO (Documentos Conferidos),PI06852-2023,11/04/2023,31/08/2025,Ciências Exatas e da Terra,Física,,"Pesquisa, Desenvolvimento e Inovação no Pátio da Ciência"
MARCUS CARRIAO DOS SANTOS,INSTITUTO DE FÍSICA,EM ANDAMENTO (Documentos Conferidos),PI06853-2023,15/03/2023,31/08/2025,Ciências Exatas e da Terra,Física,Física Geral,Experimentos e análise de dados em Física Geral
ALISSON ASSIS CARDOSO,"ESCOLA DE ENGENHARIA ELÉTRICA, MECÂNICA E DE COMPUTAÇÃO",EM ANDAMENTO (Documentos Conferidos),PI06855-2023,24/04/2023,31/12/2027,Engenharias,Engenharia Elétrica,,"Aprendizado de Máquina e inteligência artificial aplicados em tarefas de controle, identificação de sistemas e visão computacional"
TANYA MARQUES CARDOSO,ESCOLA DE MÚSICA E ARTES CÊNICAS,EM ANDAMENTO (Documentos Conferidos),PI06861-2023,17/04/2023,01/01/2028,Ciências da Saúde,Saúde Coletiva,Saúde Pública,Musicoterapia Psicossocial: do campo transdisciplinar da Saúde Mental Coletiva ao núcleo de saber musicoterapêutico
NORA KATIA SAAVEDRA DEL AGUILA HOFFMANN,ESCOLA DE ENGENHARIA CIVIL E AMBIENTAL,EM ANDAMENTO (Documentos Conferidos),PI06863-2023,17/04/2023,17/04/2028,Engenharias,Engenharia Sanitária,Tratamento de Águas de Abastecimento e Residuárias,Processos de tratamento biológico de efluentes visando a produção de biogás
LAWRENCE GONZAGA LOPES,FACULDADE DE ODONTOLOGIA,EM ANDAMENTO (Documentos Conferidos),PI06864-2023,01/05/2023,31/12/2025,Ciências da Saúde,Odontologia,Clínica Odontológica,MICRODUREZA KNOOP DE RESINA COMPOSTA PRÉ-AQUECIDA UTILIZADA COMO AGENTE DE CIMENTAÇÃO EM ONLAY FOTOPOLIMERIZADA SOB DIFERENTES PROTOCOLOS
BRUNA NUNES DA COSTA TRIANA,FACULDADE DE CIÊNCIAS SOCIAIS,EM ANDAMENTO (Documentos Conferidos),PI06867-2023,14/04/2023,31/03/2025,Ciências Humanas,Antropologia,Teoria Antropológica,"DESCOLONIZANDO A ANTROPOLOGIA: POSSIBILIDADES DE DESCENTRAMENTO DE HISTÓRIAS, CONCEITOS E CONTRIBUIÇÕES TEÓRICAS DESDE O SUL"
EMANUEL JEREMIAS RAMALHO DA SILVA,FACULDADE DE DIREITO,EM ANDAMENTO (Documentos Conferidos),PI06870-2023,17/05/2023,17/05/2025,Ciências Sociais Aplicadas,Direito,Direitos Especiais,DISCURSO JURÍDICO E PRÁXIS SOCIAL: o Direito e as políticas públicas
ANDRE CORREA AMARAL,INSTITUTO DE PATOLOGIA TROPICAL E SAÚDE PÚBLICA,EM ANDAMENTO (Documentos Conferidos),PI06871-2023,01/06/2023,31/12/2025,Ciências Biológicas,Microbiologia,Microbiologia Aplicada,Avaliação de Galleria mellonella na biodegradação de derivados de plásticos.
AMORACYR JOSE COSTA NUNEZ,ESCOLA DE VETERINÁRIA E ZOOTECNIA,EM ANDAMENTO (Documentos Conferidos),PI06872-2023,30/04/2023,31/12/2024,Ciências Agrárias,Zootecnia,Nutrição e Alimentação Animal,Suplementação na recria e períodos de adaptação ao confinamento para novilhas Nelore
AMORACYR JOSE COSTA NUNEZ,ESCOLA DE VETERINÁRIA E ZOOTECNIA,EM ANDAMENTO (Documentos Conferidos),PI06873-2023,30/04/2023,31/12/2024,Ciências Agrárias,Zootecnia,Nutrição e Alimentação Animal,Suplementação na recria e períodos de adaptação ao confinamento para vacas Nelore de descarte
MARCIA MARIA DOS ANJOS MASCARENHA,ESCOLA DE ENGENHARIA CIVIL E AMBIENTAL,EM ANDAMENTO,PI06877-2023,03/04/2023,31/03/2028,Engenharias,Engenharia Civil,Geotécnica,Avaliação da influência da adição de materiais alternativos nos parâmetros geotécnicos de um solo empregado como camada de cobertura de um aterro de resíduos sólidos
MARCUS FRAGA VIEIRA,FACULDADE DE EDUCAÇÃO FISICA E DANÇA,EM ANDAMENTO (Documentos Conferidos),PI06878-2023,24/04/2023,23/04/2026,Engenharias,Engenharia Biomédica,Bioengenharia,Análise da influência das características do sinal no desempenho de diferentes algoritmos de extração da dimensão fractal em dados biomecânicos da marcha e postura humana
JOAO FELEMA,ESCOLA DE AGRONOMIA,EM ANDAMENTO (Documentos Conferidos),PI06885-2023,18/04/2023,18/04/2025,Ciências Sociais Aplicadas,Economia,Economias Agrária e dos Recursos Naturais,Produtividade da terra e do trabalho na agropecuária de Goiás: diferenças e desempenho a nível regional 
SYMONE GOMES SOARES ALCALA,FACULDADE DE CIÊNCIAS E TECNOLOGIA,EM ANDAMENTO (Documentos Conferidos),PI06887-2023,01/09/2023,31/12/2027,Engenharias,Engenharia de Produção,,Desenvolvimento de Tecnologias de Inteligência Artificial Aplicadas na Engenharia de Produção
CASSIA ALESSANDRA MARQUEZIN,INSTITUTO DE FÍSICA,EM ANDAMENTO,PI06892-2023,19/04/2023,19/04/2028,Ciências Exatas e da Terra,Física,Física da Matéria Condensada,Triptofano/timina: interação com modelos de biomembrana
MAURO MACHADO DO PRADO,FACULDADE DE ODONTOLOGIA,EM ANDAMENTO (Documentos Conferidos),PI06894-2023,01/09/2023,01/09/2024,Ciências da Saúde,Odontologia,Clínica Odontológica,COMUNICAÇÃO DE MÁ NOTÍCIA EM ODONTOLOGIA.
MARA RUBIA MARQUES,INSTITUTO DE CIENCIAS BIOLOGICAS,EM ANDAMENTO (Documentos Conferidos),PI06897-2023,01/08/2023,30/07/2025,Ciências Biológicas,Morfologia,Histologia,Potencial protetivo da Crisina no tecido ósseo de camundongos após a ingestão de cloreto de alumínio. 
JOSE HENRIQUE STRINGHINI,ESCOLA DE VETERINÁRIA E ZOOTECNIA,EM ANDAMENTO (Documentos Conferidos),PI06904-2023,09/03/2023,31/08/2027,Ciências Agrárias,Zootecnia,Nutrição e Alimentação Animal,Avaliação histológica e epigenética de embriões e pintos de reprodutoras pesadas suplementadas com selenito de sódio ou selenometionina na dieta
JOSE HENRIQUE STRINGHINI,ESCOLA DE VETERINÁRIA E ZOOTECNIA,EM ANDAMENTO (Documentos Conferidos),PI06906-2023,01/04/2023,31/03/2025,Ciências Agrárias,Zootecnia,Produção Animal,Avaliação da Transluscência de ovos comerciais e incubáveis
PEDRO VALE DE AZEVEDO BRITO,INSTITUTO DE CIENCIAS BIOLOGICAS,EM ANDAMENTO (Documentos Conferidos),PI06907-2023,01/08/2023,31/07/2027,Ciências Biológicas,Morfologia,Citologia e Biologia Celular,O efeito dos agrotóxicos sobre o desenvolvimento do sistema nervoso das abelhas sem ferrão (Apidae: Meliponini)
ERIKA MORAIS MARTINS COELHO,INSTITUTO DE INFORMÁTICA,EM ANDAMENTO (Documentos Conferidos),PI06916-2023,01/05/2023,30/04/2026,Ciências Exatas e da Terra,Ciência da Computação,Teoria da Computação,Aspectos Computacionais Teóricos de alguns Parâmetros de Convexidade
SAMUEL JOSE GILBERT DE JESUS,FACULDADE DE ARTES VISUAIS,EM ANDAMENTO (Documentos Conferidos),PI06917-2023,02/05/2023,30/04/2025,"Lingüística, Letras e Artes",Artes,Fotografia,Pesquisa em acervos e coleções fotográficas: especificidades e desafios. Estudo de caso do Museu da Imagem e do Som do Estado de Goiàs
GERSON DOS SANTOS LISBOA,FACULDADE DE CIÊNCIAS E TECNOLOGIA,EM ANDAMENTO (Documentos Conferidos),PI06918-2023,01/01/2023,31/12/2027,Ciências Agrárias,Recursos Florestais e Engenharia Florestal,Silvicultura,"Inventário da Arborização Urbana da Cidade de Goiânia, GO, Brasil "
VALERIA QUINTANA CAVICCHIOLI,ESCOLA DE VETERINÁRIA E ZOOTECNIA,EM ANDAMENTO,PI06922-2023,02/05/2023,30/09/2025,Ciências Agrárias,Medicina Veterinária,Inspeção de Produtos de Origem Animal,"Avaliação da Qualidade Microbiológica de Queijos comercializados em Feiras Livres de Goiânia, Goiás"
DEBORA NOGUEIRA LOPES,FACULDADE DE CIÊNCIAS E TECNOLOGIA,EM ANDAMENTO (Documentos Conferidos),PI06923-2023,08/05/2023,31/12/2027,Ciências Exatas e da Terra,Geociências,,Aplicando conceitos de geoética nos estudos de vulnerabilidade em Aparecida de Goiânia - GO
GERSON DOS SANTOS LISBOA,FACULDADE DE CIÊNCIAS E TECNOLOGIA,EM ANDAMENTO (Documentos Conferidos),PI06925-2023,01/01/2023,31/12/2032,Ciências Agrárias,Recursos Florestais e Engenharia Florestal,Manejo Florestal,"Modelagem do Crescimento e da Produção em Remanescentes Florestais no Cerrado, GO, Brasil"
CLAUDIO ANDRE BARBOSA DE LIRA,FACULDADE DE EDUCAÇÃO FISICA E DANÇA,EM ANDAMENTO (Documentos Conferidos),PI06931-2023,05/06/2023,30/07/2027,Ciências Biológicas,Fisiologia,Fisiologia do Esforço,COMPARAÇÃO DO EFEITO AGUDO DE UM PERÍODO SEM USO DE SMARTPHONE COM  UM PERÍODO COM USO DE SMARTPHONE E DO EXERCÍCIO AERÓBIO CONTÍNUO SOBRE OS NÍVEIS DE ANSIEDADE-ESTADO E RAIVA-ESTADO  
ELENA ORTIZ PREUSS,FACULDADE DE LETRAS,EM ANDAMENTO (Documentos Conferidos),PI06936-2023,01/03/2023,28/02/2026,"Lingüística, Letras e Artes",Lingüística,Psicolingüística,Processamento de frases com o verbo gustar por brasileiros aprendizes de espanhol como L2
RICARDO NEVES MARRETO,FACULDADE DE FARMÁCIA,EM ANDAMENTO (Documentos Conferidos),PI06937-2023,01/06/2023,01/06/2026,Ciências da Saúde,Farmácia,Farmacotecnia,Formulações semissólidas contendo óleo fixo de pequi (Caryocar coriaceum) e vitamina D3 para uso tópico como antiinflamatório
FERNANDA GOMES DE PAULA,ESCOLA DE VETERINÁRIA E ZOOTECNIA,EM ANDAMENTO,PI06939-2023,08/05/2023,30/11/2024,Ciências Agrárias,Recursos Pesqueiros e Engenharia de Pesca,Recursos Pesqueiros de Águas Interiores,Reconstrução da Estatística Pesqueira no Estado de Goiás
CANDICE MARQUES DE LIMA,FACULDADE DE LETRAS,EM ANDAMENTO (Documentos Conferidos),PI06940-2023,28/04/2023,28/05/2026,Ciências Humanas,Educação,Tópicos Específicos de Educação,FORMAÇÃO DE PROFESSORES E A CONSTITUIÇÃO DO PROFESSOR INCLUSIVO
LANA DE SOUZA CAVALCANTI,INSTITUTO DE ESTUDOS SÓCIO-AMBIENTAIS,EM ANDAMENTO (Documentos Conferidos),PI06941-2023,15/03/2023,30/12/2026,Ciências Humanas,Geografia,Geografia Humana,Geografia na escola como objeto do pensamento: o papel da relação de professores e estudantes da escola básica com os conhecimentos geográficos nos processos de aprendizagem 
SYLVIA ELAINE MARQUES DE FARIAS,INSTITUTO DE ESTUDOS SÓCIO-AMBIENTAIS,EM ANDAMENTO (Documentos Conferidos),PI06942-2023,20/05/2023,28/08/2026,Ciências Exatas e da Terra,Geociências,Geografia Física,ASPECTOS CLIMATOLÓGICOS DO BRASIL CENTRAL E CARACTERÍSTICAS PALEOCLIMÁTICAS E FUTURAS. 
MARINALDO DIVINO RIBEIRO,PRÓ-REITORIA DE PESQUISA E INOVAÇÃO,EM ANDAMENTO,PI06943-2023,01/08/2023,31/12/2025,Ciências Agrárias,Zootecnia,Nutrição e Alimentação Animal,Cinética de hidratação de coprodutos para alimentação de ruminantes
MARINALDO DIVINO RIBEIRO,PRÓ-REITORIA DE PESQUISA E INOVAÇÃO,EM ANDAMENTO (Documentos Conferidos),PI06947-2023,01/08/2023,31/12/2025,Ciências Agrárias,Zootecnia,Pastagem e Forragicultura,Inclusão da polpa de baru (Dipteyx alata) em silagem de capim Panicum mombaça cv. mombaça
THIAGO MONTENEGRO GOES,UNID.ACAD.ESP/CIENC SOCIAIS APLIC-GOIAS,EM ANDAMENTO (Documentos Conferidos),PI06948-2023,01/05/2023,31/12/2025,Ciências Sociais Aplicadas,Arquitetura e Urbanismo,Tecnologia de Arquitetura e Urbanismo,Ferramentas de Análise de Conforto Ambiental de Baixo Custo 
LUCIO FLAVIO DE SANTANA GIMENES,FACULDADE DE EDUCAÇÃO,EM ANDAMENTO (Documentos Conferidos),PI06949-2023,01/09/2023,31/08/2024,Ciências Humanas,Psicologia,Psicologia Social,DO CAPITALISMO DA EMOÇÃO À INFOCRACIA: UMA CARTOGRAFIA DAS SUBJETIVIDADES NA OBRA DE BYUNG-CHUL HAN
SILVANA BELINE TAVARES,UNID.ACAD.ESP/CIENC SOCIAIS APLIC-GOIAS,EM ANDAMENTO (Documentos Conferidos),PI06950-2023,05/05/2023,31/12/2025,Ciências Sociais Aplicadas,Direito,Direitos Especiais,"Cine GD: Cinema, Gênero e Direito"
TARSILLA COUTO DE BRITO,FACULDADE DE LETRAS,EM ANDAMENTO (Documentos Conferidos),PI06952-2023,05/05/2023,31/05/2028,"Lingüística, Letras e Artes",Letras,Literatura Comparada,A literatura escrita por mulheres na América Latina
JOFFRE REZENDE FILHO,FACULDADE DE MEDICINA,EM ANDAMENTO (Documentos Conferidos),PI06955-2023,01/06/2023,31/12/2024,Ciências da Saúde,Medicina,Clínica Médica,AVALIAÇÃO DA TAXA DE COMPARECIMENTO E SEU IMPACTO NA EFETIVIDADE DO SERVIÇO DE ENDOSCOPIA DO HC-UFG
JORDAO HORTA NUNES,FACULDADE DE CIÊNCIAS SOCIAIS,EM ANDAMENTO (Documentos Conferidos),PI06956-2023,01/09/2023,31/08/2025,Ciências Humanas,Sociologia,Outras Sociologias Específicas,Trabalho e redes sociais
INTI DORACI CAVALCANTI MONTANO,INSTITUTO DE QUÍMICA,EM ANDAMENTO (Documentos Conferidos),PI06957-2023,15/05/2023,02/05/2027,Engenharias,Engenharia Química,Operações Industriais e Equipamentos para Engenharia Química,PROCESSAMENTO DE GLICEROL BRUTO NO CONTEXTO DA INDÚSTRIA 4.0  
FERNANDA PAULA YAMAMOTO SILVA,FACULDADE DE ODONTOLOGIA,EM ANDAMENTO (Documentos Conferidos),PI06959-2023,01/06/2023,31/12/2025,Ciências da Saúde,Odontologia,,ALTERAÇÕES NA REVISÃO DO PLANO DE TRATAMENTO VIRTUAL SEM E COM INTEGRAÇÃO DE DADOS DA TOMOGRAFIA COMPUTADORIZADA DE FEIXE CÔNICO AO CLINCHECK PRO®
INTI DORACI CAVALCANTI MONTANO,INSTITUTO DE QUÍMICA,EM ANDAMENTO (Documentos Conferidos),PI06961-2023,15/05/2023,31/12/2025,Engenharias,Engenharia Química,Processos Industriais de Engenharia Química,Modelagem e simulação do processo de produção de etanol 2G por co-cultura de microrganismos
RENATA BOTELHO DUTRA,UNID.ACAD.ESP/CIENC SOCIAIS APLIC-GOIAS,EM ANDAMENTO (Documentos Conferidos),PI06967-2023,04/05/2023,05/05/2025,Ciências Sociais Aplicadas,Direito,Direito Público,"AMOR OU GOLPE? O ESTELIONATO SENTIMENTAL NA ERA DO ""AMOR LÍQUIDO"""
MARIA DO ROSARIO FERRAZ ROBERTI,FACULDADE DE MEDICINA,EM ANDAMENTO (Documentos Conferidos),PI06969-2023,01/08/2023,31/10/2024,Ciências da Saúde,Medicina,Clínica Médica,SANGRAMENTO GESTACIONAL E PUERPERAL E HEMOFILIA A ADQUIRIDA (PROJETO NEBULA): REVISÃO SISTEMÁTICA SOBRE TRATAMENTOS E DESFECHOS DA HEMOFILIA A ADQUIRIDA EM MULHERES NOS PERÍODOS GESTACIONAL E PUERPERAL.
NAIARA CAIXETA DA SILVA,ESCOLA DE VETERINÁRIA E ZOOTECNIA,EM ANDAMENTO,PI06971-2023,03/05/2023,30/11/2027,Ciências Agrárias,Zootecnia,Pastagem e Forragicultura,Avaliação de híbridos de milho em diferentes densidades populacionais para produção de silagem de milho planta inteira e de snaplage
CRISTIANE LOPES SIMAO LEMOS,INSTITUTO DE CIENCIAS BIOLOGICAS,EM ANDAMENTO (Documentos Conferidos),PI06974-2023,01/05/2023,30/08/2030,Ciências Humanas,Educação,Fundamentos da Educação,Análise dos fundamentos pedagógicos da competência estrutural em saúde
ANGELA FERREIRA LOPES,FACULDADE DE FARMÁCIA,EM ANDAMENTO (Documentos Conferidos),PI06976-2023,01/06/2023,31/12/2026,Ciências da Saúde,Farmácia,,SERVIÇOS FARMACÊUTICOS EM NUTRIÇÃO PARENTERAL: REVISÃO SISTEMATIZADA
CRISTIANE LOPES SIMAO LEMOS,INSTITUTO DE CIENCIAS BIOLOGICAS,EM ANDAMENTO (Documentos Conferidos),PI06977-2023,04/05/2023,30/12/2028,Ciências Humanas,Educação,Fundamentos da Educação,A FORMAÇÃO DO ACADÊMICO DE ODONTOLOGIA NA PERSPECTIVA DA SAÚDE COLETIVA A FORMAÇÃO DO ACADÊMICO DE ODONTOLOGIA NA PERSPECTIVA DA SAÚDE COLETIVA A FORMAÇÃO ACADÊMICA NOS CURSOS DE GRADUAÇÃO EM ODONTOLOGIA E SUAS RELAÇÕES COM A SAÚDE COLETIVA 
RUBEM BORGES TEIXEIRA RAMOS,FACULDADE DE INFORMAÇÃO E COMUNICAÇÃO,EM ANDAMENTO (Documentos Conferidos),PI06981-2023,02/01/2023,31/12/2024,Ciências Sociais Aplicadas,Ciência da Informação,Teoria da Informação,APROPRIAÇÃO DA INFORMAÇÃO POR JOGADORES DE RPG
ROBERVALDO LINHARES ROSA,ESCOLA DE MÚSICA E ARTES CÊNICAS,EM ANDAMENTO (Documentos Conferidos),PI06983-2023,04/05/2023,04/05/2028,"Lingüística, Letras e Artes",Artes,Música,CANÇÕES DE ELIS
DIJACI DAVID DE OLIVEIRA,FACULDADE DE CIÊNCIAS SOCIAIS,EM ANDAMENTO (Documentos Conferidos),PI06987-2023,03/07/2023,31/07/2025,Ciências Humanas,Sociologia,Outras Sociologias Específicas,Dicionário da Violência Policial
ADOLFO FRANCO JUNIOR,INSTITUTO DE FÍSICA,EM ANDAMENTO,PI06989-2023,18/01/2023,31/01/2028,Ciências Exatas e da Terra,Física,Física da Matéria Condensada,INCT de Spintrônica e Nanoestruturas Magnéticas Avançadas (INCT-SpinNanoMag)
CLAUDIO RODRIGUES LELES,FACULDADE DE ODONTOLOGIA,EM ANDAMENTO,PI06990-2023,05/05/2023,31/08/2024,Ciências da Saúde,Odontologia,Clínica Odontológica,Efeitos da mudança de resposta (response shift) na qualidade de vida e satisfação de pacientes desdentados totais após a instalação de overdenture mandibular
THAIS VIEIRA DE PAULA,FACULDADE DE CIÊNCIAS SOCIAIS,EM ANDAMENTO (Documentos Conferidos),PI06992-2023,05/06/2023,05/09/2024,Ciências Humanas,Ciência Política,Comportamento Político,MULHERES NEOPENTECOSTAIS NO BRASIL: A FORMAÇÃO DE UMA NOVA RACIONALIDADE POLÍTICA?
FERNANDA SOUSA OLIVEIRA,FACULDADE DE DIREITO,EM ANDAMENTO (Documentos Conferidos),PI06998-2023,07/05/2023,07/05/2025,Ciências Sociais Aplicadas,Direito,Direito Privado,Estudos sobre os conflitos entre direitos da personalidade e liberdade de expressão desde a dinâmica da plataformização da sociedade.
THALES DOMINGOS ARANTES,INSTITUTO DE PATOLOGIA TROPICAL E SAÚDE PÚBLICA,EM ANDAMENTO,PI07001-2023,12/05/2023,12/05/2025,Ciências Biológicas,Microbiologia,Microbiologia Aplicada,"Diagnóstico, georreferenciamento e genotipagem de fungos do gênero Sporothrix associados a casos de esporotricose de perfil zoonótico no estado de Goiás."
RAFAELLA RESENDE ANDRADE,ESCOLA DE AGRONOMIA,EM ANDAMENTO (Documentos Conferidos),PI07004-2023,10/05/2023,09/05/2025,Ciências Agrárias,Engenharia Agrícola,Construções Rurais e Ambiência,Ambiência na produção intensiva de leite em instalações Compost Barn com diferentes sistemas de ventilação
FABIOLLA XAVIER ROCHA FERREIRA LIMA,ESCOLA DE AGRONOMIA,EM ANDAMENTO (Documentos Conferidos),PI07008-2023,09/05/2023,31/12/2030,Ciências Sociais Aplicadas,Arquitetura e Urbanismo,Tecnologia de Arquitetura e Urbanismo,"Inovação e Sustentabilidade em Materiais, Técnicas e Sistemas Construtivos"
LIE YAMANAKA,FACULDADE DE CIÊNCIAS E TECNOLOGIA,EM ANDAMENTO (Documentos Conferidos),PI07010-2023,15/05/2023,14/05/2026,Engenharias,Engenharia de Produção,Engenharia do Produto,PROJECT MANAGEMENT EFFICIENCY AND SUSTAINABILITY
CRISTINA DA COSTA KREWER MASCIOLI,INSTITUTO DE CIENCIAS BIOLOGICAS,EM ANDAMENTO (Documentos Conferidos),PI07012-2023,08/05/2023,30/08/2028,Ciências Humanas,Educação,,Abordagens da educação em direitos humanos nos cursos de licenciatura em ciências biológicas de universidades públicas brasileiras
FLAVIO COLMATI JUNIOR,INSTITUTO DE QUÍMICA,EM ANDAMENTO,PI07014-2023,12/05/2023,11/05/2033,Ciências Exatas e da Terra,Química,Físico-Química,Produção de hidrogênio por eletrólise e o uso de hidrogênio para conversão eletroquímica de energia em células a combustível
SIMONE ALEXANDRE MARTINS CORBINIANO,FACULDADE DE EDUCAÇÃO,EM ANDAMENTO (Documentos Conferidos),PI07019-2023,17/05/2023,17/05/2027,Ciências Humanas,Educação,Fundamentos da Educação,"Epistemologia, Interesse pedagógico e Integração de saberes"
RAQUEL DE ANDRADE CARDOSO SANTIAGO,FACULDADE DE NUTRIÇÃO,EM ANDAMENTO (Documentos Conferidos),PI07021-2023,03/07/2023,30/06/2025,Ciências da Saúde,Nutrição,Dietética,Propriedades tecnológicas de polioís com substitutos de sacarose em produtos panificados 
LUANA ZANOTTO,FACULDADE DE EDUCAÇÃO FISICA E DANÇA,EM ANDAMENTO (Documentos Conferidos),PI07023-2023,12/05/2023,31/07/2025,Ciências da Saúde,Educação Física,,Formação inicial de professores: entre lemas e dilemas do estágio e programas de formação
GEISA CUNHA FRANCO,FACULDADE DE CIÊNCIAS SOCIAIS,EM ANDAMENTO (Documentos Conferidos),PI07029-2023,19/05/2023,01/09/2024,Ciências Humanas,Ciência Política,Política Internacional,A  EFETIVAÇÃO DE DIREITOS FUNDAMENTAIS EM COMUNIDADES AFETADAS POR DESASTRES AMBIENTAIS 
GUILHERME COLHERINHAS DE OLIVEIRA,INSTITUTO DE FÍSICA,FINALIZADO E AGUARDANDO PUBLICAÇÃO,PI076-2013,25/04/2013,31/12/2023,Ciências Exatas e da Terra,Física,Física Atômica e Molecular,ESTUDO TEÓRICO DE PROPRIEDADES ESPECTROSCÓPICAS DE MOLÉCULAS ORGÂNICAS E LÍQUIDOS
BERNARDO PINHEIRO DE ALVARENGA,"ESCOLA DE ENGENHARIA ELÉTRICA, MECÂNICA E DE COMPUTAÇÃO",FINALIZADO E AGUARDANDO PUBLICAÇÃO,PI0797-2016,07/03/2016,30/09/2023,Engenharias,Engenharia Elétrica,Sistemas Elétricos de Potência,MÉTODOS NUMÉRICOS E OTIMIZAÇÃO APLICADOS À ANÁLISE NÃO-LINEAR DE MÁQUINAS ELÉTRICAS
MAGDA DE MIRANDA CLIMACO,ESCOLA DE MÚSICA E ARTES CÊNICAS,FINALIZADO E AGUARDANDO PUBLICAÇÃO,PI0935-2016,20/01/2016,23/12/2023,"Lingüística, Letras e Artes",Artes,Música,"MÚSICAS BRASILEIRAS: memória, diversidade e configurações identitárias"
LUCIMEIRE ANTONELLI DA SILVEIRA,INSTITUTO DE PATOLOGIA TROPICAL E SAÚDE PÚBLICA,PRORROGAÇÃO PENDENTE PRPI,PI0948-2015,31/12/2015,31/12/2023,Ciências Biológicas,Imunologia,Imunologia Aplicada,Tumor Experimental
GABRIELA RODRIGUES MENDES DUARTE,INSTITUTO DE QUÍMICA,FINALIZADO E AGUARDANDO PUBLICAÇÃO,PI0956-2013,01/02/2013,31/12/2023,Ciências Exatas e da Terra,Química,Química Analítica,Dispositivos microfluídicos integrados de poliéster-toner (PT) para análises genéticas: Desenvolvimento e aplicações.
MAURICIO DONIZETTI PIETERZACK,DIRETORIA DE ACOMPANHAMENTO E DESENVOLVIMENTO DE PESSOAS,FINALIZADO E AGUARDANDO PUBLICAÇÃO,PI0965-2017,01/04/2017,15/09/2023,Ciências Exatas e da Terra,Matemática,Geometria e Topologia,Métricas Conformes e o Problema da Curvatura Prescrita
FABIOLLA XAVIER ROCHA FERREIRA LIMA,ESCOLA DE AGRONOMIA,FINALIZADO E AGUARDANDO PUBLICAÇÃO,PI0990-2017,03/04/2017,31/12/2023,Ciências Sociais Aplicadas,Arquitetura e Urbanismo,Tecnologia de Arquitetura e Urbanismo,TECNOLOGIA EM BLOCOS DE TERRA COMPACTADA (BTC) DE SOLO-CIMENTO COM INCORPORAÇÃO DE RESÍDUOS
SHEILA DE CARVALHO PEREIRA GONCALVES,UNID. ACAD. ESP/LETRAS E LINGUISTICA - CATALAO,FINALIZADO E AGUARDANDO PUBLICAÇÃO,PV01088-2016,04/01/2016,31/12/2023,"Lingüística, Letras e Artes",Lingüística,Teoria e Análise Lingüística,O DICIONÁRIO COMO MATERIAL DIDÁTICO: reflexões e possibilidades 
TIAGO MOREIRA VARGAS,INSTITUTO DE MATEMÁTICA E ESTATÍSTICA,FINALIZADO E AGUARDANDO PUBLICAÇÃO,PV01190-2017,17/04/2017,31/07/2023,Ciências Exatas e da Terra,Probabilidade e Estatística,Estatística,ESTATÍSTICA GRADIENTE E TEORIA ASSINTÓTICA DE ALTA ORDEM
MARLON HERBERT FLORA BARBOSA SOARES,INSTITUTO DE QUÍMICA,FINALIZADO E AGUARDANDO PUBLICAÇÃO,PV0126-2013,27/02/2013,29/03/2023,Ciências Humanas,Educação,Ensino-Aprendizagem,AS TECNOLOGIAS DE INFORMAÇÃO E COMUNICAÇÃO E SUAS RELAÇÕES COM A EXPERIMENTAÇÃO NO ENSINO DE QUÍMICA
FLAVIANA VELY MENDONCA VIEIRA,FACULDADE DE ENFERMAGEM,AGUARDANDO PRORROGAÇÃO DIREÇÃO,PV01497-2015,05/01/2015,31/12/2023,Ciências da Saúde,Enfermagem,Enfermagem Obstétrica,Estudo comparativo de intervenções para a prevenção da dor e do trauma mamilar na amamentação
ROSANE ROCHA PESSOA,FACULDADE DE LETRAS,FINALIZADO E AGUARDANDO PUBLICAÇÃO,PV01875-2017,27/06/2017,31/01/2023,"Lingüística, Letras e Artes",Lingüística,Lingüística Aplicada,Perspectivas decoloniais na formação de professoras/es de língua inglesa do estado de Goiás 
ANDRE CARLOS SILVA,UAE - DE ENGENHARIA - CATALÃO,FINALIZADO E AGUARDANDO PUBLICAÇÃO,PV02236-2018,01/03/2018,20/09/2023,Engenharias,Engenharia de Minas,Tratamento de Minérios,Development of a production chain for rare earth elements from tailings of the ultramafic alkaline-carbonatite complex Catalão/Goiás
TANIA MAIA BARCELOS,UNID. ACAD. ESP/BIOTECNOLOGIA - CATALAO,FINALIZADO E AGUARDANDO PUBLICAÇÃO,PV02254-2015,01/03/2021,31/12/2023,Ciências Humanas,Psicologia,Psicologia Social,Produção de subjetividade e cultura
RENAN NUNES LELES,INSTITUTO DE CIENCIAS BIOLOGICAS,FINALIZADO E AGUARDANDO PUBLICAÇÃO,PV02388-2018,01/06/2018,01/06/2023,Ciências Biológicas,Parasitologia,Entomologia e Malacologia de Parasitos e Vetores,Isolamento e identificação de fungos entomopatogênicos de solo na cidade de Goiânia.
FERNANDA CRUVINEL PIMENTEL,CENTRO DE ENSINO E PESQUISA APLICADA A EDUCACAO,AGUARDANDO PRORROGAÇÃO DIREÇÃO,PV02411-2018,01/05/2018,02/03/2023,Ciências Humanas,Educação,Currículo,Currículo de Educação Física na educação básica: Pressupostos e interfaces da proposta da BNCC e a proposta curricular do CEPAE/UFG
CAMILA ALBERTO VICENTE DE OLIVEIRA,UAE REJ ESPECIAL DE EDUCAÇÃO,FINALIZADO E AGUARDANDO PUBLICAÇÃO,PV02439-2018,19/04/2018,30/12/2023,Ciências Humanas,Educação,Planejamento e Avaliação Educacional,Constituição e organização dos Conselhos Municipais de Educação em Goiás 
ARISTONIO MAGALHAES TELES,INSTITUTO DE CIENCIAS BIOLOGICAS,FINALIZADO E AGUARDANDO PUBLICAÇÃO,PV02486-2015,12/01/2015,29/12/2023,Ciências Biológicas,Botânica,Taxonomia Vegetal,TAXONOMIA E FLORÍSTICA DE ASTERACEAE NA REGIÃO CENTRO-OESTE DO BRASIL
MAGDA DE MIRANDA CLIMACO,ESCOLA DE MÚSICA E ARTES CÊNICAS,FINALIZADO E AGUARDANDO PUBLICAÇÃO,PV02508-2018,23/03/2018,30/12/2023,"Lingüística, Letras e Artes",Artes,Música,GÊNERO MUSICAL CHORO NO CENÁRIO GOIANIENSE: um enfoque de sua trajetória histórica e processos identitários 
DAIANA STASIAK,FACULDADE DE INFORMAÇÃO E COMUNICAÇÃO,FINALIZADO E AGUARDANDO PUBLICAÇÃO,PV02738-2014,17/03/2014,23/05/2023,Ciências Sociais Aplicadas,Comunicação,Relações Públicas e Propaganda,Pesquisa e diagnóstico da comunicação institucional da Universidade Federal de Goiás 
RENATA CRISTINA VILACA CRUZ,FACULDADE DE LETRAS,FINALIZADO E AGUARDANDO PUBLICAÇÃO,PV02879-2018,01/08/2018,31/07/2023,"Lingüística, Letras e Artes",Lingüística,Lingüística Aplicada,Formação de tradutores e intérpretes de língua brasileira de sinais - língua portuguesa
DANIELA DE MELO E SILVA,INSTITUTO DE CIENCIAS BIOLOGICAS,FINALIZADO E AGUARDANDO PUBLICAÇÃO,PV03032-2018,01/03/2018,31/12/2023,Ciências Biológicas,Genética,Mutagenese,IMPACTOS DOS AGROTÓXICOS NA SAÚDE DE TRABALHADORES RURAIS DO SUDESTE E SUDOESTE GOIANO OCUPACIONALMENTE EXPOSTOS
ROGERIO DE ARAUJO ALMEIDA,ESCOLA DE AGRONOMIA,FINALIZADO E AGUARDANDO PUBLICAÇÃO,PV03196-2019,01/01/2019,31/12/2023,Ciências Agrárias,Engenharia Agrícola,Engenharia de Água e Solo,Water requirements of bamboo plantation and development of perennial species in intercropping with bamboo
DANIELLE GUIMARAES ALMEIDA DINIZ,FACULDADE DE FARMÁCIA,FINALIZADO E AGUARDANDO PUBLICAÇÃO,PV0524-2017,01/08/2017,31/12/2023,Ciências da Saúde,Farmácia,,Otimização do processo de produção piloto e desenvolvimento de processo de liofilização de nanopartículas.
EVERTON KORT KAMP FERNANDES,INSTITUTO DE PATOLOGIA TROPICAL E SAÚDE PÚBLICA,FINALIZADO E AGUARDANDO PUBLICAÇÃO,PV0721-2017,01/06/2017,31/12/2023,Ciências Agrárias,Medicina Veterinária,Medicina Veterinária Preventiva,Estratégia push-pull para controle do carrapato Rhipicephalus sanguineus sensu lato
JANAINA CASSIANO SILVA,UNID. ACAD. ESP/BIOTECNOLOGIA - CATALAO,FINALIZADO E AGUARDANDO PUBLICAÇÃO,PV0778-2015,10/04/2015,31/01/2023,Ciências Humanas,Educação,Fundamentos da Educação,"Panorama da educação infantil no sudeste goiano: concepções, práticas educativas e políticas públicas"
HANS CHRISTIAN KLOTZ,FACULDADE DE FILOSOFIA,FINALIZADO E AGUARDANDO PUBLICAÇÃO,PV0801-2017,01/04/2017,30/12/2023,Ciências Humanas,Filosofia,Metafísica,Pensamento monista e elucidação da consciência na filosofia tardia de Fichte
VALERIA PAGOTTO,FACULDADE DE ENFERMAGEM,FINALIZADO E AGUARDANDO PUBLICAÇÃO,PV0899-2017,06/02/2017,31/12/2023,Ciências da Saúde,Enfermagem,Enfermagem de Saúde Pública,"CONDIÇÕES DE VIDA, SAÚDE, FRAGILIDADE E COMPOSIÇÃO CORPORAL DE IDOSOS: COORTE DO PROJETO IDOSOS/GOIÂNIA"
